meta_analysis_id,study_id,author,year,journal,pmid,country,intervention,intervention_dose,comparator,n_intervention,n_comparator,outcome_type,events_intervention,events_comparator,mean_intervention,sd_intervention,mean_comparator,sd_comparator,hazard_ratio,hr_ci_lower,hr_ci_upper,follow_up_months,age_mean,age_sd,percent_male,percent_white,disease_severity,comorbidities,rob_random_sequence,rob_allocation_concealment,rob_blinding_participants,rob_blinding_outcome,rob_incomplete_outcome,rob_selective_reporting,rob_other_bias,rob_overall,industry_funding,multi_center,therapeutic_area,disease_indication,intervention_class,outcome_measure
CMETA001,RCT001,Smith,2018,JAMA,29456789,USA,Amoxicillin,500mg TID,Placebo,142,138,binary,98,76,,,,,,,,,64.2,12.3,58,72,Moderate,Diabetes,low,low,low,low,low,low,low,low,no,yes,Infectious disease,Acute respiratory infection,Antibiotic,Symptom resolution 7d
CMETA001,RCT002,Johnson,2019,Lancet,30123456,UK,Amoxicillin,500mg TID,Placebo,185,180,binary,128,95,,,,,,,,,62.8,11.8,62,68,Moderate,HTN,low,low,low,low,low,low,low,low,no,yes,Infectious disease,Acute respiratory infection,Antibiotic,Symptom resolution 7d
CMETA001,RCT003,Williams,2017,NEJM,28567890,Canada,Amoxicillin,500mg TID,Placebo,96,94,binary,68,52,,,,,,,,,66.1,13.2,55,75,Moderate,COPD,low,low,low,low,unclear,low,low,unclear,no,no,Infectious disease,Acute respiratory infection,Antibiotic,Symptom resolution 7d
CMETA001,RCT004,Brown,2020,BMJ,31234567,Australia,Amoxicillin,500mg TID,Placebo,210,205,binary,152,118,,,,,,,,,61.5,12.8,60,70,Moderate,None,low,low,low,low,low,low,low,low,no,yes,Infectious disease,Acute respiratory infection,Antibiotic,Symptom resolution 7d
CMETA001,RCT005,Jones,2016,Lancet Infect Dis,27890123,Germany,Amoxicillin,500mg TID,Placebo,128,125,binary,89,68,,,,,,,,,63.7,11.5,57,82,Mild,Diabetes,low,unclear,low,low,low,low,low,unclear,no,yes,Infectious disease,Acute respiratory infection,Antibiotic,Symptom resolution 7d
CMETA001,RCT006,Garcia,2021,Clin Infect Dis,32345678,Spain,Amoxicillin,500mg TID,Placebo,165,162,binary,118,92,,,,,,,,,65.3,12.1,59,65,Moderate,CVD,low,low,low,low,low,low,low,low,yes,yes,Infectious disease,Acute respiratory infection,Antibiotic,Symptom resolution 7d
CMETA001,RCT007,Martinez,2019,Ann Intern Med,30456789,USA,Amoxicillin,500mg TID,Placebo,142,138,binary,96,74,,,,,,,,,62.9,13.5,61,73,Moderate,CKD,unclear,low,low,low,low,low,low,unclear,no,yes,Infectious disease,Acute respiratory infection,Antibiotic,Symptom resolution 7d
CMETA001,RCT008,Rodriguez,2018,Int J Antimicrob Agents,29567890,Mexico,Amoxicillin,500mg TID,Placebo,98,96,binary,72,58,,,,,,,,,64.8,11.9,56,68,Moderate,None,low,low,unclear,low,low,low,low,unclear,no,no,Infectious disease,Acute respiratory infection,Antibiotic,Symptom resolution 7d
CMETA001,RCT009,Hernandez,2020,J Antimicrob Chemother,31678901,Brazil,Amoxicillin,500mg TID,Placebo,175,172,binary,125,98,,,,,,,,,63.4,12.6,58,70,Mild,Diabetes,low,low,low,low,low,low,low,low,no,yes,Infectious disease,Acute respiratory infection,Antibiotic,Symptom resolution 7d
CMETA001,RCT010,Lopez,2017,Antimicrob Agents Chemother,28789012,Chile,Amoxicillin,500mg TID,Placebo,112,108,binary,82,65,,,,,,,,,66.2,13.8,62,75,Moderate,COPD,low,low,low,low,unclear,low,low,unclear,no,yes,Infectious disease,Acute respiratory infection,Antibiotic,Symptom resolution 7d
CMETA001,RCT011,Gonzalez,2019,Chest,30890123,Argentina,Amoxicillin,500mg TID,Placebo,188,185,binary,138,108,,,,,,,,,61.7,12.2,59,71,Moderate,Asthma,low,unclear,low,low,low,low,low,unclear,no,yes,Infectious disease,Acute respiratory infection,Antibiotic,Symptom resolution 7d
CMETA001,RCT012,Perez,2021,Eur Respir J,32901234,France,Amoxicillin,500mg TID,Placebo,155,152,binary,112,88,,,,,,,,,64.5,11.7,60,69,Moderate,CVD,low,low,low,low,low,low,low,low,yes,yes,Infectious disease,Acute respiratory infection,Antibiotic,Symptom resolution 7d
CMETA002,RCT013,Anderson,2019,Stroke,30234567,USA,Aspirin,100mg daily,Placebo,892,885,binary,68,95,,,,,,,,,68.5,10.2,52,78,High,Diabetes+HTN,low,low,unclear,low,low,low,low,unclear,yes,yes,Neurology,Secondary stroke prevention,Antiplatelet,Recurrent stroke
CMETA002,RCT014,Thomas,2018,Lancet Neurol,29345678,UK,Aspirin,100mg daily,Placebo,1245,1238,binary,102,148,,,,,,,,,67.8,11.5,54,75,High,Diabetes,low,low,low,low,low,low,low,low,yes,yes,Neurology,Secondary stroke prevention,Antiplatelet,Recurrent stroke
CMETA002,RCT015,Taylor,2020,NEJM,31456789,Canada,Aspirin,100mg daily,Placebo,765,758,binary,58,82,,,,,,,,,69.2,9.8,51,80,High,HTN+CKD,low,low,low,low,low,low,low,low,yes,yes,Neurology,Secondary stroke prevention,Antiplatelet,Recurrent stroke
CMETA002,RCT016,Moore,2017,JAMA Neurol,28567890,Australia,Aspirin,100mg daily,Placebo,1456,1448,binary,125,172,,,,,,,,,68.9,10.8,53,76,High,AFib,low,unclear,low,low,low,low,low,unclear,yes,yes,Neurology,Secondary stroke prevention,Antiplatelet,Recurrent stroke
CMETA002,RCT017,Martin,2019,Circulation,30678901,Germany,Aspirin,100mg daily,Placebo,982,975,binary,78,112,,,,,,,,,67.3,11.2,55,77,High,Diabetes,low,low,low,low,low,low,low,low,yes,yes,Neurology,Secondary stroke prevention,Antiplatelet,Recurrent stroke
CMETA002,RCT018,Jackson,2021,Ann Neurol,32789012,USA,Aspirin,100mg daily,Placebo,1125,1118,binary,92,135,,,,,,,,,69.5,10.5,50,79,High,HTN,low,low,low,low,low,low,low,low,yes,yes,Neurology,Secondary stroke prevention,Antiplatelet,Recurrent stroke
CMETA002,RCT019,White,2018,Neurology,29890123,France,Aspirin,100mg daily,Placebo,845,838,binary,65,92,,,,,,,,,68.1,11.8,52,74,High,CVD,unclear,low,low,low,low,low,low,unclear,yes,yes,Neurology,Secondary stroke prevention,Antiplatelet,Recurrent stroke
CMETA002,RCT020,Harris,2020,J Stroke,31901234,Japan,Aspirin,100mg daily,Placebo,1368,1362,binary,112,158,,,,,,,,,70.2,9.2,48,85,High,Diabetes+HTN,low,low,low,low,low,low,low,low,yes,yes,Neurology,Secondary stroke prevention,Antiplatelet,Recurrent stroke
CMETA002,RCT021,Lee,2019,Cerebrovasc Dis,30012345,South Korea,Aspirin,100mg daily,Placebo,725,718,binary,58,84,,,,,,,,,69.8,10.1,51,82,High,HTN,low,low,unclear,low,low,low,low,unclear,yes,yes,Neurology,Secondary stroke prevention,Antiplatelet,Recurrent stroke
CMETA002,RCT022,Kim,2017,Int J Stroke,28123456,China,Aspirin,100mg daily,Placebo,1589,1582,binary,135,188,,,,,,,,,67.6,11.5,53,78,High,AFib,low,low,low,low,low,low,low,low,yes,yes,Neurology,Secondary stroke prevention,Antiplatelet,Recurrent stroke
CMETA002,RCT023,Chen,2021,Stroke Vasc Neurol,32234567,Taiwan,Aspirin,100mg daily,Placebo,892,885,binary,72,102,,,,,,,,,68.7,10.9,52,76,High,Diabetes,low,low,low,low,low,low,low,low,yes,yes,Neurology,Secondary stroke prevention,Antiplatelet,Recurrent stroke
CMETA002,RCT024,Wang,2018,J Neurol,29345678,Singapore,Aspirin,100mg daily,Placebo,1125,1118,binary,95,132,,,,,,,,,69.1,10.3,54,79,High,HTN+CKD,low,unclear,low,low,low,low,low,unclear,yes,yes,Neurology,Secondary stroke prevention,Antiplatelet,Recurrent stroke
CMETA002,RCT025,Liu,2020,Eur Stroke J,31456789,Hong Kong,Aspirin,100mg daily,Placebo,765,758,binary,62,88,,,,,,,,,68.4,11.1,51,77,High,CVD,low,low,low,low,low,low,low,low,yes,yes,Neurology,Secondary stroke prevention,Antiplatelet,Recurrent stroke
CMETA003,RCT026,Wilson,2020,Lancet Oncol,31567890,USA,Pembrolizumab,200mg Q3W,Chemotherapy,297,296,survival,,,,,,,,0.71,0.58,0.87,24,64.2,9.5,68,75,Advanced,ECOG 0-1,low,low,unclear,low,low,low,low,unclear,yes,yes,Oncology,Advanced NSCLC,Immunotherapy,Overall survival
CMETA003,RCT027,Davis,2019,NEJM,30678901,UK,Pembrolizumab,200mg Q3W,Chemotherapy,345,342,survival,,,,,,,,0.68,0.56,0.83,24,63.8,10.2,65,72,Advanced,ECOG 0-1,low,low,low,low,low,low,low,low,yes,yes,Oncology,Advanced NSCLC,Immunotherapy,Overall survival
CMETA003,RCT028,Miller,2021,J Clin Oncol,32789012,Canada,Pembrolizumab,200mg Q3W,Chemotherapy,412,408,survival,,,,,,,,0.73,0.61,0.88,24,62.5,11.3,70,68,Advanced,ECOG 1-2,low,low,low,low,low,low,low,low,yes,yes,Oncology,Advanced NSCLC,Immunotherapy,Overall survival
CMETA003,RCT029,Brown,2020,Ann Oncol,31890123,Australia,Nivolumab,240mg Q2W,Chemotherapy,285,282,survival,,,,,,,,0.75,0.62,0.91,24,65.1,9.8,67,74,Advanced,ECOG 0-1,low,low,unclear,low,low,low,low,unclear,yes,yes,Oncology,Advanced NSCLC,Immunotherapy,Overall survival
CMETA003,RCT030,Garcia,2019,Lancet Respir Med,30901234,Spain,Nivolumab,240mg Q2W,Chemotherapy,368,365,survival,,,,,,,,0.72,0.59,0.87,24,63.3,10.5,69,70,Advanced,ECOG 0-1,low,low,low,low,low,low,low,low,yes,yes,Oncology,Advanced NSCLC,Immunotherapy,Overall survival
CMETA003,RCT031,Rodriguez,2021,JTO,32012345,Mexico,Atezolizumab,1200mg Q3W,Chemotherapy,325,322,survival,,,,,,,,0.78,0.65,0.94,24,64.7,9.2,66,73,Advanced,ECOG 0-1,low,low,low,low,low,low,low,low,yes,yes,Oncology,Advanced NSCLC,Immunotherapy,Overall survival
CMETA003,RCT032,Martinez,2020,Clin Cancer Res,31123456,Brazil,Atezolizumab,1200mg Q3W,Chemotherapy,295,292,survival,,,,,,,,0.76,0.63,0.92,24,62.9,11.1,68,69,Advanced,ECOG 1-2,low,unclear,low,low,low,low,low,unclear,yes,yes,Oncology,Advanced NSCLC,Immunotherapy,Overall survival
CMETA003,RCT033,Lopez,2019,ESMO Open,30234567,Chile,Durvalumab,10mg/kg Q2W,Chemotherapy,358,355,survival,,,,,,,,0.74,0.61,0.89,24,63.6,10.8,67,71,Advanced,ECOG 0-1,low,low,low,low,low,low,low,low,yes,yes,Oncology,Advanced NSCLC,Immunotherapy,Overall survival
CMETA003,RCT034,Gonzalez,2021,Cancer,32345678,Argentina,Durvalumab,10mg/kg Q2W,Chemotherapy,385,382,survival,,,,,,,,0.77,0.64,0.93,24,64.9,9.7,65,72,Advanced,ECOG 0-1,low,low,unclear,low,low,low,low,unclear,yes,yes,Oncology,Advanced NSCLC,Immunotherapy,Overall survival
CMETA003,RCT035,Hernandez,2020,Oncologist,31456789,Colombia,Pembrolizumab+Chemo,200mg+chemo,Chemotherapy,425,422,survival,,,,,,,,0.52,0.42,0.64,24,63.1,10.3,69,70,Advanced,ECOG 0-1,low,low,low,low,low,low,low,low,yes,yes,Oncology,Advanced NSCLC,Immunotherapy,Overall survival
CMETA003,RCT036,Perez,2019,Lung Cancer,30567890,Peru,Pembrolizumab+Chemo,200mg+chemo,Chemotherapy,365,362,survival,,,,,,,,0.55,0.45,0.68,24,64.4,9.9,68,73,Advanced,ECOG 0-1,low,low,low,low,low,low,low,low,yes,yes,Oncology,Advanced NSCLC,Immunotherapy,Overall survival
CMETA003,RCT037,Silva,2021,Target Oncol,32678901,Venezuela,Nivolumab+Ipilimumab,3mg/kg+1mg/kg,Chemotherapy,312,308,survival,,,,,,,,0.64,0.52,0.78,24,62.7,11.2,70,69,Advanced,ECOG 0-1,low,unclear,low,low,low,low,low,unclear,yes,yes,Oncology,Advanced NSCLC,Immunotherapy,Overall survival
CMETA003,RCT038,Costa,2020,Cancer Immunol Immunother,31789012,Portugal,Nivolumab+Ipilimumab,3mg/kg+1mg/kg,Chemotherapy,285,282,survival,,,,,,,,0.67,0.55,0.82,24,65.2,9.4,67,74,Advanced,ECOG 1-2,low,low,low,low,low,low,low,low,yes,yes,Oncology,Advanced NSCLC,Immunotherapy,Overall survival
CMETA003,RCT039,Santos,2019,Front Oncol,30890123,Italy,Cemiplimab,350mg Q3W,Chemotherapy,245,242,survival,,,,,,,,0.79,0.65,0.96,24,63.8,10.6,66,71,Advanced,ECOG 0-1,low,low,unclear,low,low,low,low,unclear,yes,yes,Oncology,Advanced NSCLC,Immunotherapy,Overall survival
CMETA003,RCT040,Rossi,2021,J Immunother Cancer,32901234,Greece,Cemiplimab,350mg Q3W,Chemotherapy,268,265,survival,,,,,,,,0.76,0.63,0.92,24,64.6,9.8,69,72,Advanced,ECOG 0-1,low,low,low,low,low,low,low,low,yes,yes,Oncology,Advanced NSCLC,Immunotherapy,Overall survival
CMETA004,RCT041,Thompson,2019,Lancet,30123456,USA,Lisinopril,20mg daily,Placebo,1285,1278,continuous,,,125.2,12.8,138.5,13.2,,,,12,58.3,11.2,52,68,Mild-moderate HTN,None,low,low,low,low,low,low,low,low,yes,yes,Cardiology,Essential hypertension,ACE inhibitor,SBP reduction mmHg
CMETA004,RCT042,Robinson,2020,Hypertension,31234567,UK,Lisinopril,20mg daily,Placebo,945,938,continuous,,,128.4,13.5,141.2,14.1,,,,12,60.1,10.8,48,72,Mild-moderate HTN,Diabetes,low,low,low,low,low,low,low,low,yes,yes,Cardiology,Essential hypertension,ACE inhibitor,SBP reduction mmHg
CMETA004,RCT043,Clark,2018,J Hypertens,29345678,Canada,Lisinopril,20mg daily,Placebo,1125,1118,continuous,,,126.8,12.2,139.8,13.8,,,,12,57.9,11.5,54,70,Mild-moderate HTN,CKD,low,low,unclear,low,low,low,low,unclear,yes,yes,Cardiology,Essential hypertension,ACE inhibitor,SBP reduction mmHg
CMETA004,RCT044,Lewis,2021,Am J Hypertens,32456789,Australia,Enalapril,10mg daily,Placebo,865,858,continuous,,,127.5,13.1,140.5,13.5,,,,12,59.2,10.3,51,69,Mild-moderate HTN,None,low,low,low,low,low,low,low,low,yes,yes,Cardiology,Essential hypertension,ACE inhibitor,SBP reduction mmHg
CMETA004,RCT045,Walker,2019,Blood Press,30567890,Germany,Enalapril,10mg daily,Placebo,1045,1038,continuous,,,129.1,12.9,142.3,14.2,,,,12,58.7,11.8,53,71,Mild-moderate HTN,Diabetes,low,unclear,low,low,low,low,low,unclear,yes,yes,Cardiology,Essential hypertension,ACE inhibitor,SBP reduction mmHg
CMETA004,RCT046,Hall,2020,Circulation,31678901,France,Ramipril,10mg daily,Placebo,1235,1228,continuous,,,124.8,12.5,137.9,13.6,,,,12,59.8,10.9,49,73,Mild-moderate HTN,CVD,low,low,low,low,low,low,low,low,yes,yes,Cardiology,Essential hypertension,ACE inhibitor,SBP reduction mmHg
CMETA004,RCT047,Allen,2018,Eur Heart J,29789012,Spain,Ramipril,10mg daily,Placebo,925,918,continuous,,,126.3,13.8,139.6,14.5,,,,12,60.5,10.2,50,70,Mild-moderate HTN,Obesity,low,low,unclear,low,low,low,low,unclear,yes,yes,Cardiology,Essential hypertension,ACE inhibitor,SBP reduction mmHg
CMETA004,RCT048,Young,2021,J Am Coll Cardiol,32890123,Italy,Perindopril,8mg daily,Placebo,1085,1078,continuous,,,127.9,12.4,140.8,13.9,,,,12,57.6,11.6,52,69,Mild-moderate HTN,None,low,low,low,low,low,low,low,low,yes,yes,Cardiology,Essential hypertension,ACE inhibitor,SBP reduction mmHg
CMETA004,RCT049,King,2019,Am Heart J,30901234,Netherlands,Perindopril,8mg daily,Placebo,965,958,continuous,,,128.7,13.2,141.5,14.3,,,,12,59.3,10.7,51,72,Mild-moderate HTN,Diabetes,low,low,low,low,low,low,low,low,yes,yes,Cardiology,Essential hypertension,ACE inhibitor,SBP reduction mmHg
CMETA004,RCT050,Wright,2020,Blood Press Monit,31012345,Belgium,Trandolapril,4mg daily,Placebo,845,838,continuous,,,129.4,12.8,142.1,13.7,,,,12,58.1,11.3,53,68,Mild-moderate HTN,CKD,low,unclear,low,low,low,low,low,unclear,yes,yes,Cardiology,Essential hypertension,ACE inhibitor,SBP reduction mmHg
CMETA005,RCT051,Green,2019,Rheumatology,30234567,USA,Adalimumab,40mg Q2W,Placebo,318,315,binary,142,98,,,,,,,,,24,54.3,12.5,32,78,Moderate-severe,MTX-IR,low,low,low,low,low,low,low,low,yes,yes,Rheumatology,Rheumatoid arthritis,Anti-TNF,ACR50 response
CMETA005,RCT052,Baker,2020,Ann Rheum Dis,31345678,UK,Adalimumab,40mg Q2W,Placebo,425,422,binary,195,128,,,,,,,,,24,52.8,13.2,28,75,Moderate-severe,MTX-IR,low,low,low,low,low,low,low,low,yes,yes,Rheumatology,Rheumatoid arthritis,Anti-TNF,ACR50 response
CMETA005,RCT053,Adams,2018,Arthritis Rheumatol,29456789,Canada,Etanercept,50mg weekly,Placebo,365,362,binary,168,115,,,,,,,,,24,53.5,12.8,30,72,Moderate-severe,MTX-IR,low,low,unclear,low,low,low,low,unclear,yes,yes,Rheumatology,Rheumatoid arthritis,Anti-TNF,ACR50 response
CMETA005,RCT054,Nelson,2021,Lancet Rheumatol,32567890,Australia,Etanercept,50mg weekly,Placebo,285,282,binary,132,88,,,,,,,,,24,51.9,13.5,29,76,Moderate-severe,MTX-IR,low,low,low,low,low,low,low,low,yes,yes,Rheumatology,Rheumatoid arthritis,Anti-TNF,ACR50 response
CMETA005,RCT055,Carter,2019,Arthritis Care Res,30678901,Germany,Infliximab,3mg/kg Q8W,Placebo,445,442,binary,212,145,,,,,,,,,24,54.8,12.1,31,74,Moderate-severe,MTX-IR,low,unclear,low,low,low,low,low,unclear,yes,yes,Rheumatology,Rheumatoid arthritis,Anti-TNF,ACR50 response
CMETA005,RCT056,Mitchell,2020,RMD Open,31789012,France,Infliximab,3mg/kg Q8W,Placebo,325,322,binary,155,105,,,,,,,,,24,53.2,13.3,33,71,Moderate-severe,MTX-IR,low,low,low,low,low,low,low,low,yes,yes,Rheumatology,Rheumatoid arthritis,Anti-TNF,ACR50 response
CMETA005,RCT057,Perez,2018,J Rheumatol,29890123,Spain,Certolizumab,200mg Q2W,Placebo,395,392,binary,185,128,,,,,,,,,24,52.6,12.9,32,73,Moderate-severe,MTX-IR,low,low,unclear,low,low,low,low,unclear,yes,yes,Rheumatology,Rheumatoid arthritis,Anti-TNF,ACR50 response
CMETA005,RCT058,Roberts,2021,Semin Arthritis Rheum,32901234,Italy,Certolizumab,200mg Q2W,Placebo,285,282,binary,135,92,,,,,,,,,24,54.1,12.4,29,75,Moderate-severe,MTX-IR,low,low,low,low,low,low,low,low,yes,yes,Rheumatology,Rheumatoid arthritis,Anti-TNF,ACR50 response
CMETA005,RCT059,Phillips,2019,Clin Rheumatol,30012345,Japan,Golimumab,50mg monthly,Placebo,425,422,binary,198,135,,,,,,,,,24,53.8,13.1,27,82,Moderate-severe,MTX-IR,low,low,low,low,low,low,low,low,yes,yes,Rheumatology,Rheumatoid arthritis,Anti-TNF,ACR50 response
CMETA005,RCT060,Campbell,2020,Mod Rheumatol,31123456,South Korea,Golimumab,50mg monthly,Placebo,365,362,binary,172,118,,,,,,,,,24,52.3,12.7,31,85,Moderate-severe,MTX-IR,low,unclear,low,low,low,low,low,unclear,yes,yes,Rheumatology,Rheumatoid arthritis,Anti-TNF,ACR50 response
CMETA006,RCT061,Evans,2020,Gut,31345678,USA,Infliximab,5mg/kg Q8W,Placebo,245,242,binary,128,72,,,,,,,,,24,38.5,14.2,58,72,Moderate-severe,Prior TNF-naive,low,low,low,low,low,low,low,low,yes,yes,Gastroenterology,Crohn disease,Anti-TNF,Clinical remission
CMETA006,RCT062,Edwards,2019,Lancet Gastroenterol Hepatol,30456789,UK,Infliximab,5mg/kg Q8W,Placebo,285,282,binary,152,88,,,,,,,,,24,36.8,15.1,62,68,Moderate-severe,Prior TNF-naive,low,low,low,low,low,low,low,low,yes,yes,Gastroenterology,Crohn disease,Anti-TNF,Clinical remission
CMETA006,RCT063,Collins,2021,Aliment Pharmacol Ther,32567890,Canada,Adalimumab,40mg Q2W,Placebo,325,322,binary,168,98,,,,,,,,,24,39.2,13.8,56,70,Moderate-severe,Prior TNF-naive,low,low,unclear,low,low,low,low,unclear,yes,yes,Gastroenterology,Crohn disease,Anti-TNF,Clinical remission
CMETA006,RCT064,Stewart,2020,Inflamm Bowel Dis,31678901,Australia,Adalimumab,40mg Q2W,Placebo,285,282,binary,145,85,,,,,,,,,24,37.6,14.5,60,69,Moderate-severe,Prior TNF-naive,low,low,low,low,low,low,low,low,yes,yes,Gastroenterology,Crohn disease,Anti-TNF,Clinical remission
CMETA006,RCT065,Sanchez,2019,Am J Gastroenterol,30789012,Spain,Vedolizumab,300mg Q4W,Placebo,365,362,binary,185,112,,,,,,,,,24,40.1,13.3,55,71,Moderate-severe,Prior TNF-fail,low,unclear,low,low,low,low,low,unclear,yes,yes,Gastroenterology,Crohn disease,Integrin inhibitor,Clinical remission
CMETA006,RCT066,Morris,2021,J Crohns Colitis,32890123,Germany,Vedolizumab,300mg Q4W,Placebo,425,422,binary,218,135,,,,,,,,,24,38.9,14.8,57,73,Moderate-severe,Prior TNF-fail,low,low,low,low,low,low,low,low,yes,yes,Gastroenterology,Crohn disease,Integrin inhibitor,Clinical remission
CMETA006,RCT067,Rogers,2020,Clin Gastroenterol Hepatol,31901234,France,Ustekinumab,90mg Q8W,Placebo,285,282,binary,148,88,,,,,,,,,24,39.5,13.9,59,69,Moderate-severe,Prior TNF-fail,low,low,unclear,low,low,low,low,unclear,yes,yes,Gastroenterology,Crohn disease,IL-12/23 inhibitor,Clinical remission
CMETA006,RCT068,Reed,2019,Therap Adv Gastroenterol,30012345,Italy,Ustekinumab,90mg Q8W,Placebo,325,322,binary,165,102,,,,,,,,,24,37.2,15.2,61,70,Moderate-severe,Prior TNF-fail,low,low,low,low,low,low,low,low,yes,yes,Gastroenterology,Crohn disease,IL-12/23 inhibitor,Clinical remission
CMETA006,RCT069,Cook,2021,Gastroenterology,32123456,Netherlands,Risankizumab,600mg Q4W,Placebo,245,242,binary,135,75,,,,,,,,,24,40.3,12.8,58,72,Moderate-severe,Prior TNF-fail,low,low,low,low,low,low,low,low,yes,yes,Gastroenterology,Crohn disease,IL-23 inhibitor,Clinical remission
CMETA006,RCT070,Morgan,2020,J Gastroenterol,31234567,Belgium,Risankizumab,600mg Q4W,Placebo,285,282,binary,158,88,,,,,,,,,24,38.6,14.1,60,68,Moderate-severe,Prior TNF-fail,low,unclear,low,low,low,low,low,unclear,yes,yes,Gastroenterology,Crohn disease,IL-23 inhibitor,Clinical remission
CMETA007,RCT071,Bell,2019,NEJM,30345678,USA,Semaglutide,1.0mg weekly,Placebo,865,858,continuous,,,7.2,1.2,8.1,1.3,,,,12,58.7,10.5,52,65,Type 2 diabetes,Metformin,low,low,low,low,low,low,low,low,yes,yes,Endocrinology,Type 2 diabetes,GLP-1 agonist,HbA1c reduction %
CMETA007,RCT072,Murphy,2020,Lancet Diabetes Endocrinol,31456789,UK,Semaglutide,1.0mg weekly,Placebo,1125,1118,continuous,,,7.4,1.1,8.3,1.2,,,,12,56.3,11.2,48,72,Type 2 diabetes,Metformin,low,low,low,low,low,low,low,low,yes,yes,Endocrinology,Type 2 diabetes,GLP-1 agonist,HbA1c reduction %
CMETA007,RCT073,Bailey,2018,Diabetes Care,29567890,Canada,Dulaglutide,1.5mg weekly,Placebo,925,918,continuous,,,7.6,1.3,8.5,1.4,,,,12,59.1,9.8,54,68,Type 2 diabetes,Metformin,low,low,unclear,low,low,low,low,unclear,yes,yes,Endocrinology,Type 2 diabetes,GLP-1 agonist,HbA1c reduction %
CMETA007,RCT074,Rivera,2021,Diabetes Obes Metab,32678901,Australia,Dulaglutide,1.5mg weekly,Placebo,1045,1038,continuous,,,7.3,1.2,8.2,1.3,,,,12,57.8,10.8,51,70,Type 2 diabetes,Metformin+SU,low,low,low,low,low,low,low,low,yes,yes,Endocrinology,Type 2 diabetes,GLP-1 agonist,HbA1c reduction %
CMETA007,RCT075,Foster,2019,JAMA,30789012,Germany,Liraglutide,1.8mg daily,Placebo,785,778,continuous,,,7.5,1.1,8.4,1.2,,,,12,58.3,11.1,53,71,Type 2 diabetes,Metformin,low,unclear,low,low,low,low,low,unclear,yes,yes,Endocrinology,Type 2 diabetes,GLP-1 agonist,HbA1c reduction %
CMETA007,RCT076,Jenkins,2020,BMJ,31890123,France,Liraglutide,1.8mg daily,Placebo,945,938,continuous,,,7.7,1.3,8.6,1.4,,,,12,56.9,10.3,49,69,Type 2 diabetes,Metformin+SU,low,low,low,low,low,low,low,low,yes,yes,Endocrinology,Type 2 diabetes,GLP-1 agonist,HbA1c reduction %
CMETA007,RCT077,Perry,2018,Diabetes Ther,29901234,Spain,Exenatide,2mg weekly,Placebo,685,678,continuous,,,7.8,1.2,8.7,1.3,,,,12,59.4,9.9,52,73,Type 2 diabetes,Metformin,low,low,unclear,low,low,low,low,unclear,yes,yes,Endocrinology,Type 2 diabetes,GLP-1 agonist,HbA1c reduction %
CMETA007,RCT078,Powell,2021,Endocrinol Diabetes Metab,32012345,Italy,Exenatide,2mg weekly,Placebo,825,818,continuous,,,7.4,1.1,8.3,1.2,,,,12,57.2,10.7,50,70,Type 2 diabetes,Metformin,low,low,low,low,low,low,low,low,yes,yes,Endocrinology,Type 2 diabetes,GLP-1 agonist,HbA1c reduction %
CMETA007,RCT079,Russell,2019,J Diabetes Complications,30123456,Japan,Albiglutide,30mg weekly,Placebo,725,718,continuous,,,7.6,1.3,8.5,1.4,,,,12,58.6,10.2,48,85,Type 2 diabetes,Metformin+SU,low,low,low,low,low,low,low,low,yes,yes,Endocrinology,Type 2 diabetes,GLP-1 agonist,HbA1c reduction %
CMETA007,RCT080,Griffin,2020,Prim Care Diabetes,31234567,South Korea,Lixisenatide,20mcg daily,Placebo,565,558,continuous,,,7.9,1.2,8.8,1.3,,,,12,56.5,11.3,51,88,Type 2 diabetes,Metformin,low,unclear,low,low,low,low,low,unclear,yes,yes,Endocrinology,Type 2 diabetes,GLP-1 agonist,HbA1c reduction %
CMETA008,RCT081,Diaz,2020,Chest,31345678,USA,Tiotropium,18mcg daily,Placebo,1245,1238,continuous,,,242.5,68.3,285.8,72.1,,,,12,66.3,9.2,72,78,Moderate-severe COPD,FEV1 40-65%,low,low,low,low,low,low,low,low,yes,yes,Pulmonology,COPD,LAMA,Annual exacerbations
CMETA008,RCT082,Reyes,2019,Lancet Respir Med,30456789,UK,Tiotropium,18mcg daily,Placebo,1485,1478,continuous,,,238.7,71.5,288.3,75.2,,,,12,64.8,10.1,68,75,Moderate-severe COPD,FEV1 40-65%,low,low,low,low,low,low,low,low,yes,yes,Pulmonology,COPD,LAMA,Annual exacerbations
CMETA008,RCT083,Cruz,2021,Am J Respir Crit Care Med,32567890,Canada,Glycopyrronium,50mcg daily,Placebo,985,978,continuous,,,245.3,69.8,292.6,73.5,,,,12,65.7,9.8,70,72,Moderate-severe COPD,FEV1 35-60%,low,low,unclear,low,low,low,low,unclear,yes,yes,Pulmonology,COPD,LAMA,Annual exacerbations
CMETA008,RCT084,Flores,2020,Eur Respir J,31678901,Australia,Glycopyrronium,50mcg daily,Placebo,1125,1118,continuous,,,240.1,70.2,286.5,74.8,,,,12,66.9,9.5,71,76,Moderate-severe COPD,FEV1 40-65%,low,low,low,low,low,low,low,low,yes,yes,Pulmonology,COPD,LAMA,Annual exacerbations
CMETA008,RCT085,Ramos,2018,Respir Med,29789012,Germany,Umeclidinium,62.5mcg daily,Placebo,865,858,continuous,,,247.8,68.7,291.3,72.9,,,,12,65.2,10.3,69,80,Moderate-severe COPD,FEV1 40-60%,low,unclear,low,low,low,low,low,unclear,yes,yes,Pulmonology,COPD,LAMA,Annual exacerbations
CMETA008,RCT086,Torres,2021,Int J Chron Obstruct Pulmon Dis,32890123,Spain,Umeclidinium,62.5mcg daily,Placebo,1045,1038,continuous,,,243.6,71.3,289.7,75.1,,,,12,64.5,9.7,73,74,Moderate-severe COPD,FEV1 35-65%,low,low,low,low,low,low,low,low,yes,yes,Pulmonology,COPD,LAMA,Annual exacerbations
CMETA008,RCT087,Vargas,2019,Respir Res,30901234,France,Aclidinium,400mcg BID,Placebo,725,718,continuous,,,249.2,69.5,293.8,73.6,,,,12,66.1,9.9,70,77,Moderate-severe COPD,FEV1 40-65%,low,low,unclear,low,low,low,low,unclear,yes,yes,Pulmonology,COPD,LAMA,Annual exacerbations
CMETA008,RCT088,Mendoza,2020,COPD,31012345,Italy,Aclidinium,400mcg BID,Placebo,945,938,continuous,,,244.7,70.8,288.9,74.3,,,,12,65.8,10.1,72,75,Moderate-severe COPD,FEV1 35-60%,low,low,low,low,low,low,low,low,yes,yes,Pulmonology,COPD,LAMA,Annual exacerbations
CMETA008,RCT089,Castillo,2018,Pulm Pharmacol Ther,29123456,Netherlands,Revefenacin,175mcg daily,Placebo,585,578,continuous,,,246.5,68.9,290.2,72.7,,,,12,66.7,9.3,71,79,Moderate-severe COPD,FEV1 40-65%,low,low,low,low,low,low,low,low,yes,yes,Pulmonology,COPD,LAMA,Annual exacerbations
CMETA008,RCT090,Morales,2021,Ther Adv Respir Dis,32234567,Belgium,Tiotropium+Olodaterol,5/5mcg daily,Placebo,1365,1358,continuous,,,236.3,69.7,284.1,73.8,,,,12,65.4,9.6,69,76,Moderate-severe COPD,FEV1 35-65%,low,unclear,low,low,low,low,low,unclear,yes,yes,Pulmonology,COPD,LAMA/LABA combo,Annual exacerbations
CMETA009,RCT091,Henderson,2019,Headache,30234567,USA,Erenumab,70mg monthly,Placebo,445,442,continuous,,,8.2,3.5,12.8,4.1,,,,12,42.5,12.3,18,72,Chronic migraine,≥15 days/month,low,low,low,low,low,low,low,low,yes,yes,Neurology,Chronic migraine,CGRP mAb,Monthly migraine days
CMETA009,RCT092,Patterson,2020,Lancet Neurol,31345678,UK,Erenumab,70mg monthly,Placebo,525,522,continuous,,,7.9,3.8,13.2,4.3,,,,12,40.8,13.1,22,68,Chronic migraine,≥15 days/month,low,low,low,low,low,low,low,low,yes,yes,Neurology,Chronic migraine,CGRP mAb,Monthly migraine days
CMETA009,RCT093,Simmons,2018,JAMA Neurol,29456789,Canada,Fremanezumab,225mg monthly,Placebo,485,482,continuous,,,8.5,3.6,13.5,4.2,,,,12,41.9,12.8,20,70,Chronic migraine,≥15 days/month,low,low,unclear,low,low,low,low,unclear,yes,yes,Neurology,Chronic migraine,CGRP mAb,Monthly migraine days
CMETA009,RCT094,Barnes,2021,Neurology,32567890,Australia,Fremanezumab,225mg monthly,Placebo,365,362,continuous,,,7.7,3.9,12.9,4.4,,,,12,43.2,11.9,19,69,Chronic migraine,≥15 days/month,low,low,low,low,low,low,low,low,yes,yes,Neurology,Chronic migraine,CGRP mAb,Monthly migraine days
CMETA009,RCT095,Coleman,2019,Cephalalgia,30678901,Germany,Galcanezumab,120mg monthly,Placebo,545,542,continuous,,,8.1,3.7,13.3,4.1,,,,12,42.8,12.5,21,73,Chronic migraine,≥15 days/month,low,unclear,low,low,low,low,low,unclear,yes,yes,Neurology,Chronic migraine,CGRP mAb,Monthly migraine days
CMETA009,RCT096,Ross,2020,J Headache Pain,31789012,France,Galcanezumab,120mg monthly,Placebo,425,422,continuous,,,7.8,3.5,12.7,4.3,,,,12,41.3,13.2,23,71,Chronic migraine,≥15 days/month,low,low,low,low,low,low,low,low,yes,yes,Neurology,Chronic migraine,CGRP mAb,Monthly migraine days
CMETA009,RCT097,Henderson,2018,Headache Med,29890123,Spain,Eptinezumab,100mg Q12W,Placebo,325,322,continuous,,,8.4,3.8,13.1,4.2,,,,12,40.6,12.9,20,69,Chronic migraine,≥15 days/month,low,low,unclear,low,low,low,low,unclear,yes,yes,Neurology,Chronic migraine,CGRP mAb,Monthly migraine days
CMETA009,RCT098,Reynolds,2021,CNS Drugs,32901234,Italy,Eptinezumab,100mg Q12W,Placebo,285,282,continuous,,,7.6,3.6,12.5,4.4,,,,12,42.1,12.1,22,70,Chronic migraine,≥15 days/month,low,low,low,low,low,low,low,low,yes,yes,Neurology,Chronic migraine,CGRP mAb,Monthly migraine days
CMETA009,RCT099,Fisher,2019,Drugs,30012345,Japan,Botulinum toxin A,155U Q12W,Placebo,625,622,continuous,,,9.2,3.9,13.9,4.3,,,,12,43.8,11.7,15,85,Chronic migraine,≥15 days/month,low,low,low,low,low,low,low,low,no,yes,Neurology,Chronic migraine,Botulinum toxin,Monthly migraine days
CMETA009,RCT100,Ford,2020,Toxicon,31123456,South Korea,Botulinum toxin A,155U Q12W,Placebo,485,482,continuous,,,8.9,4.1,13.6,4.5,,,,12,42.4,12.3,17,83,Chronic migraine,≥15 days/month,low,unclear,low,low,low,low,low,unclear,no,yes,Neurology,Chronic migraine,Botulinum toxin,Monthly migraine days
CMETA010,RCT101,Wells,2020,J Am Acad Dermatol,31234567,USA,Dupilumab,300mg Q2W,Placebo,485,482,binary,342,168,,,,,,,,,16,38.5,14.2,62,68,Moderate-severe AD,EASI ≥16,low,low,low,low,low,low,low,low,yes,yes,Dermatology,Atopic dermatitis,IL-4/13 inhibitor,EASI-75
CMETA010,RCT102,Stone,2019,Lancet,30345678,UK,Dupilumab,300mg Q2W,Placebo,625,622,binary,452,218,,,,,,,,,16,36.8,15.3,58,72,Moderate-severe AD,EASI ≥16,low,low,low,low,low,low,low,low,yes,yes,Dermatology,Atopic dermatitis,IL-4/13 inhibitor,EASI-75
CMETA010,RCT103,Hunt,2021,NEJM,32456789,Canada,Dupilumab,300mg Q2W,Placebo,545,542,binary,388,195,,,,,,,,,16,39.2,13.8,60,70,Moderate-severe AD,EASI ≥20,low,low,unclear,low,low,low,low,unclear,yes,yes,Dermatology,Atopic dermatitis,IL-4/13 inhibitor,EASI-75
CMETA010,RCT104,Price,2020,Br J Dermatol,31567890,Australia,Dupilumab,300mg Q2W,Placebo,425,422,binary,305,152,,,,,,,,,16,37.6,14.5,59,69,Moderate-severe AD,EASI ≥16,low,low,low,low,low,low,low,low,yes,yes,Dermatology,Atopic dermatitis,IL-4/13 inhibitor,EASI-75
CMETA010,RCT105,Long,2018,Am J Clin Dermatol,29678901,Germany,Tralokinumab,300mg Q2W,Placebo,365,362,binary,248,125,,,,,,,,,16,40.1,13.3,61,71,Moderate-severe AD,EASI ≥16,low,unclear,low,low,low,low,low,unclear,yes,yes,Dermatology,Atopic dermatitis,IL-13 inhibitor,EASI-75
CMETA010,RCT106,Webb,2021,JAMA Dermatol,32789012,France,Tralokinumab,300mg Q2W,Placebo,445,442,binary,318,158,,,,,,,,,16,38.9,14.8,57,73,Moderate-severe AD,EASI ≥20,low,low,low,low,low,low,low,low,yes,yes,Dermatology,Atopic dermatitis,IL-13 inhibitor,EASI-75
CMETA010,RCT107,Page,2019,Dermatol Ther,30890123,Spain,Upadacitinib,15mg daily,Placebo,325,322,binary,242,105,,,,,,,,,16,39.5,13.9,59,69,Moderate-severe AD,EASI ≥16,low,low,unclear,low,low,low,low,unclear,yes,yes,Dermatology,Atopic dermatitis,JAK inhibitor,EASI-75
CMETA010,RCT108,Knight,2020,Acta Derm Venereol,31901234,Italy,Upadacitinib,15mg daily,Placebo,285,282,binary,212,92,,,,,,,,,16,37.2,15.2,61,70,Moderate-severe AD,EASI ≥20,low,low,low,low,low,low,low,low,yes,yes,Dermatology,Atopic dermatitis,JAK inhibitor,EASI-75
CMETA010,RCT109,Ward,2021,J Eur Acad Dermatol Venereol,32012345,Netherlands,Abrocitinib,100mg daily,Placebo,385,382,binary,278,128,,,,,,,,,16,40.3,12.8,58,72,Moderate-severe AD,EASI ≥16,low,low,low,low,low,low,low,low,yes,yes,Dermatology,Atopic dermatitis,JAK inhibitor,EASI-75
CMETA010,RCT110,Butler,2020,Allergy,31123456,Belgium,Abrocitinib,100mg daily,Placebo,285,282,binary,205,98,,,,,,,,,16,38.6,14.1,60,68,Moderate-severe AD,EASI ≥16,low,unclear,low,low,low,low,low,unclear,yes,yes,Dermatology,Atopic dermatitis,JAK inhibitor,EASI-75
CMETA011,RCT111,Russell,2019,BMJ,30234567,USA,Aspirin,75mg daily,Placebo,6285,6278,binary,485,628,,,,,,,,,60,66.3,9.8,48,72,Primary prevention,CVD risk high,low,low,low,low,low,low,low,low,no,yes,Cardiology,Primary prevention,Antiplatelet,CV death+MI+stroke
CMETA011,RCT112,Dixon,2020,NEJM,31345678,UK,Aspirin,75mg daily,Placebo,8456,8448,binary,658,852,,,,,,,,,60,64.8,10.5,52,68,Primary prevention,CVD risk high,low,low,low,low,low,low,low,low,no,yes,Cardiology,Primary prevention,Antiplatelet,CV death+MI+stroke
CMETA011,RCT113,Holmes,2018,Lancet,29456789,Canada,Aspirin,100mg daily,Placebo,5128,5122,binary,398,512,,,,,,,,,60,67.1,9.2,49,70,Primary prevention,CVD risk high,low,low,unclear,low,low,low,low,unclear,no,yes,Cardiology,Primary prevention,Antiplatelet,CV death+MI+stroke
CMETA011,RCT114,Palmer,2021,Circulation,32567890,Australia,Aspirin,100mg daily,Placebo,9785,9778,binary,762,985,,,,,,,,,60,65.5,10.1,51,69,Primary prevention,CVD risk high,low,low,low,low,low,low,low,low,no,yes,Cardiology,Primary prevention,Antiplatelet,CV death+MI+stroke
CMETA011,RCT115,Grant,2019,JAMA,30678901,Germany,Aspirin,100mg daily,Placebo,7245,7238,binary,568,728,,,,,,,,,60,66.7,9.6,50,71,Primary prevention,CVD risk moderate,low,unclear,low,low,low,low,low,unclear,no,yes,Cardiology,Primary prevention,Antiplatelet,CV death+MI+stroke
CMETA011,RCT116,Ellis,2020,Eur Heart J,31789012,France,Aspirin,75mg daily,Placebo,6842,6835,binary,532,685,,,,,,,,,60,65.2,10.3,53,70,Primary prevention,CVD risk moderate,low,low,low,low,low,low,low,low,no,yes,Cardiology,Primary prevention,Antiplatelet,CV death+MI+stroke
CMETA011,RCT117,Shaw,2018,Am Heart J,29890123,Spain,Aspirin,100mg daily,Placebo,5568,5562,binary,425,548,,,,,,,,,60,67.8,9.4,48,73,Primary prevention,CVD risk high,low,low,unclear,low,low,low,low,unclear,no,yes,Cardiology,Primary prevention,Antiplatelet,CV death+MI+stroke
CMETA011,RCT118,Owen,2021,J Am Coll Cardiol,32901234,Italy,Aspirin,100mg daily,Placebo,8925,8918,binary,692,895,,,,,,,,,60,64.3,10.7,52,69,Primary prevention,CVD risk moderate,low,low,low,low,low,low,low,low,no,yes,Cardiology,Primary prevention,Antiplatelet,CV death+MI+stroke
CMETA011,RCT119,Porter,2019,Trials,30012345,Netherlands,Aspirin,75mg daily,Placebo,4285,4278,binary,332,428,,,,,,,,,60,66.9,9.9,49,72,Primary prevention,CVD risk high,low,low,low,low,low,low,low,low,no,yes,Cardiology,Primary prevention,Antiplatelet,CV death+MI+stroke
CMETA011,RCT120,Hunter,2020,Contemp Clin Trials,31123456,Sweden,Aspirin,100mg daily,Placebo,7658,7652,binary,598,768,,,,,,,,,60,65.8,10.2,51,70,Primary prevention,CVD risk moderate,low,unclear,low,low,low,low,low,unclear,no,yes,Cardiology,Primary prevention,Antiplatelet,CV death+MI+stroke
