cea_id,author,year,journal,pmid,intervention,comparator,disease_indication,country,currency,perspective,time_horizon_years,discount_rate_costs,discount_rate_effects,cost_intervention,cost_comparator,incremental_cost,qaly_intervention,qaly_comparator,incremental_qaly,icer_per_qaly,wtp_threshold,cost_effective,probability_cost_effective,sensitivity_analysis_robust,budget_impact_year1_millions,budget_impact_year5_millions,therapeutic_area,model_type,data_source
CEA001,Smith et al,2020,Lancet,32123456,Pembrolizumab,Chemotherapy,Advanced NSCLC - 1st line,UK,GBP,NHS,10,0.035,0.035,125000,45000,80000,4.85,3.12,1.73,46243,30000,Yes,0.82,Yes,185,850,Oncology,Markov,Clinical trial + registry
CEA002,Jones et al,2021,Value Health,33234567,Nivolumab + Ipilimumab,Nivolumab,Advanced melanoma,USA,USD,Healthcare system,15,0.03,0.03,285000,165000,120000,7.42,5.18,2.24,53571,150000,Yes,0.76,Yes,210,920,Oncology,Partitioned survival,RCT data
CEA003,Chen et al,2019,PharmacoEconomics,31345678,Atezolizumab,Chemotherapy,Extensive SCLC,China,CNY,Societal,5,0.05,0.05,650000,280000,370000,3.82,2.28,1.54,240260,108000,No,0.28,No,95,420,Oncology,Decision tree,Meta-analysis
CEA004,Davis et al,2022,NEJM,34456789,Durvalumab,Observation,Stage III NSCLC,Canada,CAD,Payer,10,0.015,0.015,95000,12000,83000,8.45,5.12,3.33,24925,50000,Yes,0.94,Yes,125,580,Oncology,Markov,Trial extrapolation
CEA005,Garcia et al,2020,BMJ,32567890,Trastuzumab deruxtecan,T-DM1,HER2+ breast cancer,Spain,EUR,Healthcare system,8,0.03,0.03,168000,112000,56000,6.28,3.72,2.56,21875,30000,Yes,0.88,Yes,145,685,Oncology,Partitioned survival,Clinical trial
CEA006,Wilson et al,2021,Health Economics,33678901,CAR-T therapy,Standard therapy,DLBCL - R/R,Germany,EUR,Societal,15,0.03,0.03,450000,85000,365000,9.85,4.25,5.60,65179,50000,No,0.42,Uncertain,95,425,Oncology,Markov,Registry data
CEA007,Martinez et al,2019,JAMA Oncol,31789012,Osimertinib,Gefitinib,EGFR+ NSCLC,Mexico,MXN,Healthcare system,10,0.05,0.05,1850000,650000,1200000,6.42,4.18,2.24,535714,430000,No,0.32,No,72,340,Oncology,Partitioned survival,RCT
CEA008,Anderson_B,2022,MDM,34890123,Guselkumab,Adalimumab,Plaque psoriasis,USA,USD,Payer,30,0.03,0.03,485000,325000,160000,22.85,21.42,1.43,111888,150000,Yes,0.68,Yes,165,780,Dermatology,Markov,Trial + real-world
CEA009,Brown_D,2020,Rheumatology,32901234,Upadacitinib,Adalimumab,Rheumatoid arthritis,UK,GBP,NHS,20,0.035,0.035,142000,95000,47000,14.85,13.92,0.93,50538,30000,No,0.38,No,128,595,Rheumatology,Markov,Meta-analysis
CEA010,Clark_E,2021,Mult Scler J,33012345,Ozanimod,Interferon beta,Relapsing MS,Australia,AUD,Healthcare system,25,0.05,0.05,875000,625000,250000,16.42,14.28,2.14,116822,75000,No,0.44,Uncertain,125,582,Neurology,Markov,Clinical trial
CEA011,Evans_G,2019,Neurology,31123456,Siponimod,Placebo,Secondary progressive MS,Switzerland,CHF,Societal,20,0.03,0.03,895000,285000,610000,12.85,10.72,2.13,286385,100000,No,0.22,No,95,445,Neurology,Markov,RCT
CEA012,Foster_H,2022,JNNP,34234567,Eculizumab,Standard care,NMOSD,USA,USD,Healthcare system,15,0.03,0.03,1850000,125000,1725000,10.42,6.85,3.57,483193,150000,No,0.18,No,28,135,Neurology,Decision tree,Trial + registry
CEA013,Harris_J,2020,Cephalalgia,32345678,Erenumab,Topiramate,Chronic migraine,France,EUR,Healthcare system,10,0.035,0.035,68000,12000,56000,8.92,8.05,0.87,64368,50000,No,0.35,Uncertain,125,585,Neurology,Markov,RCT
CEA014,Kim_M,2021,Diabetes Care,33456789,Semaglutide 2.4mg,Liraglutide 3mg,Obesity + T2DM,South Korea,KRW,Payer,10,0.045,0.045,12500000,9800000,2700000,8.45,7.92,0.53,5094340,18000000,Yes,0.72,Yes,185,825,Endocrinology,Markov,Clinical trial
CEA015,Lee_N,2019,Lancet Diabetes,31567890,Dulaglutide 4.5mg,Insulin glargine,Type 2 diabetes,Japan,JPY,Healthcare system,20,0.02,0.02,8500000,5200000,3300000,14.85,13.42,1.43,2307692,5000000,Yes,0.84,Yes,245,1120,Endocrinology,Markov,RCT + observational
CEA016,Patel_O,2022,JAMA Cardiol,34678901,Inclisiran,Evolocumab,High cardiovascular risk,USA,USD,Payer,15,0.03,0.03,32500,48000,-15500,12.85,12.42,0.43,Dominant,150000,Yes,0.96,Yes,685,3250,Cardiology,Markov,Trial + meta-analysis
CEA017,Quinn_P,2020,Circulation,32789012,Empagliflozin,Standard care,Heart failure with reduced EF,Germany,EUR,Healthcare system,20,0.03,0.03,28500,18500,10000,13.85,11.92,1.93,5181,50000,Yes,0.92,Yes,425,1950,Cardiology,Markov,RCT
CEA018,Roberts_Q,2021,NEJM,33890123,Dapagliflozin,Placebo,Heart failure with preserved EF,UK,GBP,NHS,15,0.035,0.035,24500,8500,16000,11.42,9.85,1.57,10191,30000,Yes,0.88,Yes,385,1785,Cardiology,Markov,Clinical trial
CEA019,Singh_R,2019,Eur Heart J,31901234,Sacubitril/Valsartan,Enalapril,Heart failure with reduced EF,India,INR,Healthcare system,15,0.05,0.05,485000,125000,360000,10.85,8.42,2.43,148148,360000,Yes,0.78,Yes,295,1385,Cardiology,Markov,RCT + registry
CEA020,Taylor_S,2022,J Am Coll Cardiol,34012345,Apixaban,Warfarin,Atrial fibrillation,Canada,CAD,Payer,10,0.015,0.015,18500,8500,10000,8.85,7.92,0.93,10753,50000,Yes,0.84,Yes,425,1950,Cardiology,Markov,Observational
CEA021,Upton_T,2020,Chest,32123457,Rivaroxaban,LMWH,VTE treatment,Brazil,BRL,Healthcare system,6,0.05,0.05,12500,9800,2700,5.42,5.18,0.24,11250,30000,Yes,0.76,Yes,185,425,Hematology,Decision tree,RCT
CEA022,Vincent_U,2021,Blood,33234568,Eltrombopag,Standard care,Immune thrombocytopenia,USA,USD,Healthcare system,10,0.03,0.03,145000,28500,116500,8.85,7.42,1.43,81469,150000,Yes,0.72,Yes,125,585,Hematology,Markov,Clinical trial
CEA023,Wang_V,2019,Hepatology,31345679,Sofosbuvir/Velpatasvir,Sofosbuvir/Ledipasvir,Hepatitis C,China,CNY,Societal,30,0.05,0.05,425000,385000,40000,21.85,21.42,0.43,93023,108000,Yes,0.82,Yes,685,2950,Infectious disease,Markov,Trial + registry
CEA024,Xavier_W,2022,HIV Med,34456790,Bictegravir/TAF/FTC,Dolutegravir/ABC/3TC,HIV-1,South Africa,ZAR,Healthcare system,25,0.05,0.05,285000,245000,40000,18.85,18.42,0.43,93023,150000,Yes,0.88,Yes,425,1950,Infectious disease,Markov,Clinical trial
CEA025,Young_X,2020,BMJ Open,32567891,Sacubitril/Valsartan,Enalapril,Heart failure - cost minimization,Netherlands,EUR,Healthcare system,10,0.04,0.04,32500,14500,18000,9.12,9.12,0.00,NA,50000,Uncertain,0.50,NA,285,1350,Cardiology,Cost-minimization,Observational
CEA026,Zhang_Y,2021,JAMA Intern Med,33678902,Dupilumab,Cyclosporine,Severe atopic dermatitis,Sweden,SEK,Healthcare system,15,0.03,0.03,425000,185000,240000,12.85,11.42,1.43,167832,500000,Yes,0.78,Yes,145,685,Dermatology,Markov,RCT
CEA027,Adams_C,2019,Ann Rheum Dis,31789013,Tofacitinib,Adalimumab,Rheumatoid arthritis,Spain,EUR,Healthcare system,20,0.03,0.03,165000,195000,-30000,14.85,14.42,0.43,Dominant,30000,Yes,0.94,Yes,128,595,Rheumatology,Markov,Meta-analysis
CEA028,Baker_D,2022,Osteoporos Int,34890124,Romosozumab,Alendronate,Osteoporosis - high fracture risk,USA,USD,Payer,10,0.03,0.03,12500,2850,9650,8.42,7.85,0.57,16930,150000,Yes,0.86,Yes,285,1285,Endocrinology,Markov,RCT + registry
CEA029,Chen_E,2020,Endocrinology,32901235,Abaloparatide,Teriparatide,Postmenopausal osteoporosis,Canada,CAD,Healthcare system,10,0.015,0.015,9850,11500,-1650,8.12,7.85,0.27,Dominant,50000,Yes,0.92,Yes,185,850,Endocrinology,Markov,Clinical trial
CEA030,Davis_F,2021,Respir Med,33012346,Triple therapy ICS/LABA/LAMA,ICS/LABA,COPD,UK,GBP,NHS,10,0.035,0.035,8500,6500,2000,7.85,7.42,0.43,4651,30000,Yes,0.90,Yes,425,1950,Pulmonology,Markov,RCT
CEA031,Evans_H,2019,Thorax,31123457,Mepolizumab,Standard care,Severe eosinophilic asthma,France,EUR,Healthcare system,15,0.035,0.035,125000,42000,83000,12.85,10.42,2.43,34156,50000,Yes,0.84,Yes,145,685,Pulmonology,Markov,Clinical trial
CEA032,Foster_I,2022,J Allergy Clin Immunol,34234568,Dupilumab,Standard care,Severe asthma with type 2 inflammation,Australia,AUD,Healthcare system,20,0.05,0.05,285000,85000,200000,16.85,13.42,3.43,58309,75000,Yes,0.80,Yes,185,850,Pulmonology,Markov,RCT
CEA033,Garcia_J,2020,Gastroenterology,32345679,Vedolizumab,Infliximab,Ulcerative colitis,Germany,EUR,Healthcare system,15,0.03,0.03,142000,118000,24000,12.42,11.85,0.57,42105,50000,Yes,0.76,Yes,285,1350,Gastroenterology,Markov,RCT + observational
CEA034,Harris_K,2021,Inflamm Bowel Dis,33456780,Ustekinumab,Adalimumab,Crohn disease,Italy,EUR,Healthcare system,20,0.03,0.03,165000,142000,23000,14.85,13.92,0.93,24731,50000,Yes,0.82,Yes,245,1150,Gastroenterology,Markov,Clinical trial
CEA035,Ibrahim_L,2019,Lancet Gastro,31567891,Ozanimod,Placebo,Ulcerative colitis,USA,USD,Payer,10,0.03,0.03,95000,28500,66500,9.42,8.12,1.30,51154,150000,Yes,0.74,Yes,185,850,Gastroenterology,Markov,RCT
CEA036,Johnson_M,2022,Kidney Int,34678902,Dapagliflozin,Standard care,Chronic kidney disease,Japan,JPY,Healthcare system,15,0.02,0.02,2850000,1250000,1600000,11.85,9.42,2.43,658436,5000000,Yes,0.86,Yes,485,2250,Nephrology,Markov,Clinical trial
CEA037,Kim_N,2020,JASN,32789013,Finerenone,Placebo,CKD with type 2 diabetes,South Korea,KRW,Healthcare system,20,0.045,0.045,8500000,2850000,5650000,13.85,11.42,2.43,2325103,18000000,Yes,0.78,Yes,385,1785,Nephrology,Markov,RCT
CEA038,Lee_O,2021,Ophthalmology,33890124,Faricimab,Aflibercept,Neovascular AMD,USA,USD,Payer,10,0.03,0.03,58500,52000,6500,7.42,6.85,0.57,11404,150000,Yes,0.88,Yes,685,3150,Ophthalmology,Markov,Clinical trial
CEA039,Martinez_P,2019,JAMA Ophthalmol,31901235,Brolucizumab,Ranibizumab,Neovascular AMD,Switzerland,CHF,Healthcare system,15,0.03,0.03,48500,62000,-13500,10.42,9.85,0.57,Dominant,100000,Yes,0.94,Yes,425,1950,Ophthalmology,Markov,RCT
CEA040,Nelson_Q,2022,Retina,34012346,Dexamethasone implant,Laser,Diabetic macular edema,UK,GBP,NHS,5,0.035,0.035,8500,2850,5650,4.42,3.85,0.57,9912,30000,Yes,0.84,Yes,185,425,Ophthalmology,Decision tree,Clinical trial
CEA041,Olson_R,2020,Urology,32123458,Apalutamide,Standard care,Non-metastatic CRPC,Canada,CAD,Payer,15,0.015,0.015,185000,42000,143000,10.85,7.42,3.43,41691,50000,Yes,0.80,Yes,285,1350,Urology,Partitioned survival,RCT
CEA042,Patel_S,2021,BJU Int,33234569,Darolutamide,Placebo,Non-metastatic CRPC,Germany,EUR,Healthcare system,12,0.03,0.03,142000,28500,113500,9.42,6.85,2.57,44163,50000,Yes,0.76,Yes,245,1150,Urology,Partitioned survival,Clinical trial
CEA043,Quinn_T,2019,Prostate Cancer,31345680,Enzalutamide,Abiraterone,Metastatic CRPC,USA,USD,Healthcare system,10,0.03,0.03,165000,148000,17000,6.85,6.12,0.73,23288,150000,Yes,0.82,Yes,385,1785,Urology,Partitioned survival,Observational
CEA044,Roberts_U,2022,JCO,34456791,Olaparib,Standard care,mCRPC with HRR mutations,Australia,AUD,Healthcare system,8,0.05,0.05,285000,95000,190000,6.42,4.85,1.57,121019,75000,No,0.38,Uncertain,125,585,Urology,Partitioned survival,RCT
CEA045,Singh_V,2020,Lancet Oncol,32567892,Rucaparib,Placebo,Ovarian cancer maintenance,India,INR,Healthcare system,10,0.05,0.05,1850000,285000,1565000,7.85,5.42,2.43,644033,360000,No,0.28,No,95,445,Gynecology,Partitioned survival,Clinical trial
CEA046,Taylor_W,2021,Gynecol Oncol,33678903,Niraparib,Placebo,Ovarian cancer maintenance,France,EUR,Healthcare system,12,0.035,0.035,125000,28500,96500,8.42,5.85,2.57,37549,50000,Yes,0.78,Yes,145,685,Gynecology,Partitioned survival,RCT
CEA047,Upton_X,2019,Ann Oncol,31789014,Bevacizumab maintenance,Observation,Ovarian cancer,Spain,EUR,Healthcare system,10,0.03,0.03,95000,8500,86500,6.85,5.42,1.43,60490,30000,No,0.32,No,185,850,Gynecology,Partitioned survival,RCT + registry
CEA048,Vincent_Y,2022,Blood,34890125,Venetoclax + azacitidine,Azacitidine,AML - unfit for chemo,USA,USD,Payer,5,0.03,0.03,285000,95000,190000,3.85,1.85,2.00,95000,150000,Yes,0.72,Yes,95,425,Hematology,Partitioned survival,Clinical trial
CEA049,Wang_Z,2020,Leukemia,32901236,Midostaurin,Standard chemo,AML with FLT3 mutation,Netherlands,EUR,Healthcare system,15,0.04,0.04,185000,95000,90000,8.42,5.85,2.57,35019,50000,Yes,0.84,Yes,85,395,Hematology,Markov,RCT
CEA050,Xavier_A,2021,Haematologica,33012347,Ivosidenib,Best supportive care,AML with IDH1 mutation,Belgium,EUR,Healthcare system,8,0.03,0.03,245000,42000,203000,4.42,2.12,2.30,88261,50000,No,0.36,Uncertain,48,225,Hematology,Partitioned survival,Clinical trial
CEA051,Author 51,2023,,,Intervention 51,Best supportive care,Advanced cancer,Australia,AUD,Societal,5,0.045,0.039,207650,25930,181720,3.7,6.24,-2.54,999999,150000,No,0.24,Yes,351,1690,Rheumatology,Partitioned survival,Clinical trial
CEA052,Author 52,2023,,,Intervention 52,Best supportive care,Advanced cancer,USA,AUD,Societal,5,0.049,0.036,196157,24712,171445,4.11,4.4,-0.29,999999,30000,No,0.31,Yes,100,666,Dermatology,Discrete event simulation,Clinical trial + registry
CEA053,Author 53,2022,,,Intervention 53,Best supportive care,COPD,UK,CAD,Societal,15,0.033,0.044,85582,28216,57366,5.56,2.09,3.47,16531,100000,Yes,0.71,Yes,282,1674,Endocrinology,Markov,Clinical trial + registry
CEA054,Author 54,2022,,,Intervention 54,Alternative treatment,Depression,France,AUD,Societal,15,0.041,0.037,47115,94952,-47837,7.76,4.7,3.06,-15633,30000,Yes,0.57,No,221,963,Oncology,Markov,Real-world data
CEA055,Author 55,2021,,,Intervention 55,Standard care,Asthma,Germany,GBP,Healthcare system,5,0.032,0.039,175944,94843,81101,3.29,3.07,0.22,368640,30000,No,0.3,Yes,303,1413,Oncology,Partitioned survival,Clinical trial + registry
CEA056,Author 56,2019,,,Intervention 56,Alternative treatment,Depression,Canada,USD,Societal,10,0.044,0.036,224935,117067,107868,7.96,6.3,1.66,64980,50000,No,0.23,Yes,379,635,Neurology,Partitioned survival,Clinical trial
CEA057,Author 57,2021,,,Intervention 57,Alternative treatment,Depression,USA,USD,NHS,5,0.039,0.04,155175,108807,46368,2.88,5.93,-3.05,999999,30000,No,0.19,No,254,1330,Endocrinology,Partitioned survival,Clinical trial + registry
CEA058,Author 58,2022,,,Intervention 58,Standard care,Depression,Netherlands,AUD,NHS,15,0.043,0.032,102398,80532,21866,4.46,2.62,1.84,11883,100000,Yes,0.59,No,174,131,Infectious disease,Partitioned survival,Clinical trial
CEA059,Author 59,2021,,,Intervention 59,Standard care,Heart failure,Netherlands,USD,Healthcare system,5,0.032,0.042,137598,64675,72923,6.04,3.32,2.72,26809,150000,Yes,0.93,Yes,391,1967,Neurology,Discrete event simulation,Registry
CEA060,Author 60,2020,,,Intervention 60,Standard care,Rheumatoid arthritis,Canada,GBP,Healthcare payer,15,0.041,0.042,48213,50099,-1886,2.66,5.26,-2.6,999999,100000,No,0.44,No,325,622,Gastroenterology,Discrete event simulation,Clinical trial + registry
CEA061,Author 61,2024,,,Intervention 61,Alternative treatment,Type 2 diabetes,Netherlands,AUD,Societal,Lifetime,0.049,0.034,163000,43061,119939,3.48,2.73,0.75,159918,150000,No,0.41,No,365,1506,Gastroenterology,Markov,Real-world data
CEA062,Author 62,2018,,,Intervention 62,Standard care,Type 2 diabetes,UK,GBP,Societal,Lifetime,0.047,0.04,62503,88355,-25852,5.1,4.11,0.99,-26113,50000,Yes,0.64,Yes,46,192,Dermatology,Partitioned survival,Clinical trial + registry
CEA063,Author 63,2023,,,Intervention 63,Best supportive care,Type 2 diabetes,Canada,AUD,Healthcare system,Lifetime,0.048,0.03,190383,100984,89399,3.14,2.53,0.61,146555,150000,Yes,0.55,Yes,441,973,Oncology,Discrete event simulation,Registry
CEA064,Author 64,2022,,,Intervention 64,Standard care,COPD,UK,AUD,Healthcare payer,5,0.042,0.047,150083,29195,120888,6.62,5.66,0.96,125925,150000,Yes,0.88,Yes,158,869,Oncology,Discrete event simulation,Registry
CEA065,Author 65,2023,,,Intervention 65,Standard care,Asthma,Australia,USD,Healthcare system,10,0.04,0.045,49589,71030,-21441,6.42,4.11,2.31,-9281,30000,Yes,0.92,Yes,244,700,Infectious disease,Markov,Clinical trial + registry
CEA066,Author 66,2022,,,Intervention 66,Best supportive care,COPD,Canada,EUR,Healthcare payer,15,0.031,0.035,166545,39620,126925,3.94,4.24,-0.3,999999,30000,No,0.17,Yes,470,373,Endocrinology,Discrete event simulation,Clinical trial + registry
CEA067,Author 67,2023,,,Intervention 67,Standard care,Depression,UK,GBP,Healthcare payer,20,0.042,0.047,74120,56618,17502,4.35,5.63,-1.28,999999,100000,No,0.33,Yes,104,1134,Pulmonology,Markov,Clinical trial + registry
CEA068,Author 68,2023,,,Intervention 68,Standard care,Depression,France,USD,Healthcare payer,15,0.048,0.034,92525,31249,61276,6.73,2.74,3.99,15357,50000,Yes,0.55,Yes,454,1436,Rheumatology,Partitioned survival,Clinical trial
CEA069,Author 69,2022,,,Intervention 69,Standard care,Heart failure,Germany,USD,Healthcare payer,5,0.032,0.039,63856,87125,-23269,7.86,2.69,5.17,-4500,30000,Yes,0.87,Yes,219,1571,Infectious disease,Markov,Clinical trial
CEA070,Author 70,2018,,,Intervention 70,Best supportive care,Depression,Australia,CAD,Healthcare payer,Lifetime,0.032,0.05,53316,96417,-43101,8.45,5.22,3.23,-13343,150000,Yes,0.61,Yes,184,344,Dermatology,Markov,Registry
CEA071,Author 71,2019,,,Intervention 71,Alternative treatment,Advanced cancer,Germany,AUD,Healthcare payer,20,0.043,0.033,85993,48084,37909,8.05,5.18,2.87,13208,30000,Yes,0.69,Yes,81,884,Oncology,Discrete event simulation,Real-world data
CEA072,Author 72,2022,,,Intervention 72,Standard care,Advanced cancer,Netherlands,AUD,Societal,5,0.047,0.041,233568,46909,186659,4.29,2.54,1.75,106662,50000,No,0.34,No,314,1919,Gastroenterology,Decision tree,Clinical trial
CEA073,Author 73,2018,,,Intervention 73,Alternative treatment,Heart failure,Netherlands,AUD,NHS,20,0.037,0.035,87947,29942,58005,4.1,4.95,-0.85,999999,30000,No,0.27,Yes,210,1888,Infectious disease,Markov,Clinical trial + registry
CEA074,Author 74,2024,,,Intervention 74,Best supportive care,Heart failure,Germany,EUR,Healthcare system,15,0.049,0.042,214227,38452,175775,6.95,4.95,2.0,87887,150000,Yes,0.89,Yes,410,318,Cardiology,Decision tree,Clinical trial + registry
CEA075,Author 75,2020,,,Intervention 75,Best supportive care,Advanced cancer,USA,EUR,NHS,15,0.048,0.038,129779,100483,29296,6.5,4.64,1.86,15750,30000,Yes,0.78,Yes,178,52,Oncology,Partitioned survival,Real-world data
CEA076,Author 76,2024,,,Intervention 76,Alternative treatment,Advanced cancer,Netherlands,GBP,Healthcare system,10,0.038,0.047,109893,17642,92251,2.69,2.26,0.43,214537,150000,No,0.44,No,329,1695,Infectious disease,Decision tree,Real-world data
CEA077,Author 77,2022,,,Intervention 77,Best supportive care,Heart failure,UK,AUD,Healthcare system,Lifetime,0.037,0.04,108872,82004,26868,7.93,3.17,4.76,5644,150000,Yes,0.89,Yes,393,259,Oncology,Decision tree,Registry
CEA078,Author 78,2021,,,Intervention 78,Standard care,COPD,Germany,EUR,Healthcare payer,10,0.038,0.042,159240,22654,136586,4.26,4.28,-0.02,999999,30000,No,0.23,No,178,858,Hematology,Decision tree,Real-world data
CEA079,Author 79,2022,,,Intervention 79,Best supportive care,Depression,UK,CAD,NHS,15,0.031,0.048,125084,98625,26459,3.71,5.0,-1.29,999999,100000,No,0.29,No,124,868,Gastroenterology,Markov,Clinical trial
CEA080,Author 80,2024,,,Intervention 80,Alternative treatment,Rheumatoid arthritis,France,USD,NHS,20,0.042,0.049,106027,58404,47623,4.21,2.82,1.39,34261,50000,Yes,0.79,No,434,406,Oncology,Decision tree,Clinical trial + registry
CEA081,Author 81,2019,,,Intervention 81,Best supportive care,Type 2 diabetes,USA,CAD,Healthcare system,10,0.034,0.039,63176,28761,34415,8.28,5.34,2.94,11705,150000,Yes,0.76,Yes,470,416,Rheumatology,Partitioned survival,Real-world data
CEA082,Author 82,2018,,,Intervention 82,Standard care,Advanced cancer,Australia,EUR,NHS,5,0.049,0.035,158056,59157,98899,6.02,2.27,3.75,26373,30000,Yes,0.87,Yes,197,993,Gastroenterology,Markov,Real-world data
CEA083,Author 83,2024,,,Intervention 83,Standard care,Type 2 diabetes,UK,EUR,Healthcare payer,15,0.048,0.047,50214,60791,-10577,8.06,2.69,5.37,-1969,100000,Yes,0.87,No,496,212,Neurology,Decision tree,Clinical trial + registry
CEA084,Author 84,2023,,,Intervention 84,Best supportive care,Depression,UK,USD,Healthcare payer,15,0.048,0.045,110195,20906,89289,6.06,3.14,2.92,30578,50000,Yes,0.81,No,57,439,Dermatology,Discrete event simulation,Clinical trial + registry
CEA085,Author 85,2024,,,Intervention 85,Alternative treatment,Rheumatoid arthritis,Australia,EUR,Societal,10,0.044,0.044,193285,69940,123345,7.33,5.21,2.12,58181,100000,Yes,0.94,No,99,714,Dermatology,Partitioned survival,Registry
CEA086,Author 86,2023,,,Intervention 86,Standard care,Heart failure,UK,AUD,Societal,15,0.041,0.041,40558,75244,-34686,7.63,4.83,2.8,-12387,50000,Yes,0.59,Yes,53,1134,Hematology,Decision tree,Real-world data
CEA087,Author 87,2020,,,Intervention 87,Standard care,Rheumatoid arthritis,Australia,CAD,Healthcare payer,15,0.047,0.038,176747,46885,129862,7.35,4.47,2.88,45090,30000,No,0.16,Yes,213,730,Cardiology,Partitioned survival,Clinical trial
CEA088,Author 88,2021,,,Intervention 88,Alternative treatment,Asthma,UK,EUR,Societal,5,0.034,0.032,131968,22250,109718,4.07,3.23,0.84,130616,100000,No,0.36,Yes,353,1265,Pulmonology,Markov,Clinical trial + registry
CEA089,Author 89,2024,,,Intervention 89,Best supportive care,Heart failure,Canada,AUD,Healthcare payer,Lifetime,0.037,0.049,210755,60811,149944,4.7,2.03,2.67,56158,150000,Yes,0.62,Yes,140,680,Infectious disease,Discrete event simulation,Real-world data
CEA090,Author 90,2018,,,Intervention 90,Standard care,Depression,Germany,EUR,Healthcare payer,10,0.045,0.036,227151,49706,177445,2.7,4.3,-1.6,999999,50000,No,0.24,No,486,513,Gastroenterology,Decision tree,Clinical trial + registry
CEA091,Author 91,2018,,,Intervention 91,Best supportive care,Type 2 diabetes,USA,EUR,NHS,10,0.034,0.05,131671,16356,115315,2.57,5.87,-3.3,999999,150000,No,0.37,Yes,373,1211,Pulmonology,Decision tree,Registry
CEA092,Author 92,2024,,,Intervention 92,Alternative treatment,Type 2 diabetes,Germany,EUR,Healthcare payer,Lifetime,0.042,0.043,143299,30910,112389,3.33,3.8,-0.47,999999,30000,No,0.22,Yes,418,830,Infectious disease,Markov,Registry
CEA093,Author 93,2022,,,Intervention 93,Alternative treatment,Type 2 diabetes,Australia,USD,Societal,5,0.047,0.044,40782,45994,-5212,7.27,1.95,5.32,-979,50000,Yes,0.68,Yes,262,1587,Pulmonology,Decision tree,Clinical trial
CEA094,Author 94,2023,,,Intervention 94,Best supportive care,Type 2 diabetes,France,CAD,Healthcare system,5,0.031,0.037,124034,44771,79263,4.1,3.2,0.9,88070,100000,Yes,0.72,Yes,353,633,Oncology,Markov,Clinical trial + registry
CEA095,Author 95,2018,,,Intervention 95,Best supportive care,Advanced cancer,France,EUR,Healthcare payer,10,0.045,0.036,43382,95685,-52303,6.25,4.26,1.99,-26282,150000,Yes,0.92,Yes,483,1904,Infectious disease,Discrete event simulation,Clinical trial
CEA096,Author 96,2019,,,Intervention 96,Best supportive care,Asthma,France,USD,NHS,10,0.041,0.042,119818,30753,89065,4.28,1.95,2.33,38225,150000,Yes,0.58,No,370,665,Neurology,Discrete event simulation,Registry
CEA097,Author 97,2020,,,Intervention 97,Best supportive care,COPD,Canada,GBP,Healthcare payer,20,0.035,0.04,193340,41351,151989,7.59,6.36,1.23,123568,100000,No,0.16,Yes,438,141,Neurology,Discrete event simulation,Real-world data
CEA098,Author 98,2021,,,Intervention 98,Best supportive care,Advanced cancer,Netherlands,EUR,Healthcare payer,Lifetime,0.042,0.041,216744,89411,127333,4.86,4.48,0.38,335086,30000,No,0.35,No,76,1475,Pulmonology,Discrete event simulation,Real-world data
CEA099,Author 99,2018,,,Intervention 99,Alternative treatment,COPD,UK,GBP,Societal,5,0.03,0.035,105499,70607,34892,4.72,5.04,-0.32,999999,30000,No,0.32,Yes,282,1806,Gastroenterology,Markov,Clinical trial + registry
CEA100,Author 100,2018,,,Intervention 100,Alternative treatment,Type 2 diabetes,UK,USD,Societal,10,0.05,0.044,155095,100414,54681,8.19,5.19,3.0,18227,30000,Yes,0.83,Yes,464,1782,Dermatology,Markov,Clinical trial + registry
CEA101,Author 101,2018,,,Intervention 101,Standard care,Rheumatoid arthritis,Canada,EUR,Healthcare payer,5,0.045,0.03,76296,72086,4210,6.7,4.73,1.97,2137,30000,Yes,0.77,Yes,117,1751,Dermatology,Decision tree,Clinical trial + registry
CEA102,Author 102,2022,,,Intervention 102,Best supportive care,Depression,France,GBP,Healthcare payer,Lifetime,0.039,0.046,122346,95843,26503,4.85,4.72,0.13,203869,30000,No,0.32,No,405,673,Gastroenterology,Markov,Clinical trial
CEA103,Author 103,2024,,,Intervention 103,Alternative treatment,COPD,USA,USD,Societal,Lifetime,0.04,0.033,173408,27895,145513,2.93,4.22,-1.29,999999,100000,No,0.28,No,110,1971,Pulmonology,Discrete event simulation,Clinical trial
CEA104,Author 104,2018,,,Intervention 104,Alternative treatment,Asthma,UK,AUD,Healthcare system,15,0.039,0.047,60010,32600,27410,2.54,2.12,0.42,65261,100000,Yes,0.87,No,251,1006,Hematology,Discrete event simulation,Registry
CEA105,Author 105,2022,,,Intervention 105,Standard care,Rheumatoid arthritis,UK,GBP,Societal,20,0.035,0.041,208383,23269,185114,4.09,3.57,0.52,355988,50000,No,0.17,Yes,40,974,Gastroenterology,Decision tree,Real-world data
CEA106,Author 106,2023,,,Intervention 106,Best supportive care,Heart failure,France,GBP,NHS,10,0.042,0.038,70625,97230,-26605,5.84,6.13,-0.29,999999,150000,No,0.4,No,151,404,Pulmonology,Markov,Clinical trial
CEA107,Author 107,2022,,,Intervention 107,Alternative treatment,Depression,Netherlands,EUR,Healthcare payer,10,0.038,0.032,197965,77610,120355,7.09,3.95,3.14,38329,100000,Yes,0.69,Yes,425,111,Infectious disease,Discrete event simulation,Clinical trial
CEA108,Author 108,2018,,,Intervention 108,Standard care,Type 2 diabetes,Germany,EUR,NHS,Lifetime,0.048,0.034,197646,15118,182528,7.83,5.13,2.7,67602,30000,No,0.26,No,275,1874,Gastroenterology,Discrete event simulation,Clinical trial
CEA109,Author 109,2021,,,Intervention 109,Best supportive care,Heart failure,Germany,CAD,NHS,Lifetime,0.045,0.044,41953,16048,25905,3.46,3.41,0.05,518100,50000,No,0.26,Yes,451,112,Rheumatology,Markov,Clinical trial
CEA110,Author 110,2018,,,Intervention 110,Alternative treatment,Rheumatoid arthritis,France,USD,Healthcare payer,20,0.036,0.043,214672,27308,187364,7.02,5.93,1.09,171893,30000,No,0.2,Yes,335,364,Cardiology,Markov,Real-world data
CEA111,Author 111,2023,,,Intervention 111,Best supportive care,Depression,Australia,AUD,Societal,15,0.038,0.045,64922,55867,9055,5.93,2.75,3.18,2847,30000,Yes,0.82,No,411,1372,Gastroenterology,Partitioned survival,Clinical trial
CEA112,Author 112,2021,,,Intervention 112,Best supportive care,Advanced cancer,USA,CAD,Healthcare payer,20,0.049,0.039,181125,50660,130465,8.07,3.04,5.03,25937,30000,Yes,0.74,No,93,491,Infectious disease,Partitioned survival,Registry
CEA113,Author 113,2021,,,Intervention 113,Best supportive care,Advanced cancer,USA,GBP,Healthcare payer,10,0.049,0.048,62473,89666,-27193,4.49,4.92,-0.43,999999,100000,No,0.42,No,497,494,Dermatology,Discrete event simulation,Clinical trial + registry
CEA114,Author 114,2019,,,Intervention 114,Alternative treatment,Type 2 diabetes,Canada,USD,Healthcare payer,15,0.041,0.05,89909,31699,58210,8.46,1.89,6.57,8859,30000,Yes,0.69,No,325,1158,Hematology,Decision tree,Real-world data
CEA115,Author 115,2023,,,Intervention 115,Best supportive care,Asthma,Canada,CAD,Healthcare system,Lifetime,0.031,0.032,203417,79919,123498,5.5,5.53,-0.03,999999,100000,No,0.22,No,348,125,Cardiology,Partitioned survival,Registry
CEA116,Author 116,2018,,,Intervention 116,Alternative treatment,Advanced cancer,USA,USD,NHS,10,0.034,0.033,86105,105606,-19501,4.31,4.46,-0.15,999999,100000,No,0.34,Yes,397,1240,Pulmonology,Partitioned survival,Clinical trial + registry
CEA117,Author 117,2018,,,Intervention 117,Alternative treatment,Heart failure,USA,USD,NHS,5,0.045,0.038,131189,115635,15554,3.7,1.95,1.75,8888,30000,Yes,0.86,No,167,1517,Dermatology,Partitioned survival,Registry
CEA118,Author 118,2020,,,Intervention 118,Alternative treatment,COPD,Netherlands,EUR,NHS,10,0.034,0.046,113980,18684,95296,3.53,2.93,0.6,158826,50000,No,0.35,Yes,445,1323,Pulmonology,Partitioned survival,Registry
CEA119,Author 119,2022,,,Intervention 119,Best supportive care,Type 2 diabetes,Australia,USD,Healthcare payer,20,0.049,0.044,172437,91949,80488,5.14,5.84,-0.7,999999,30000,No,0.44,Yes,116,1295,Oncology,Discrete event simulation,Registry
CEA120,Author 120,2022,,,Intervention 120,Alternative treatment,COPD,France,CAD,Healthcare payer,Lifetime,0.049,0.034,130396,84616,45780,3.01,2.51,0.5,91560,30000,No,0.36,No,120,873,Gastroenterology,Markov,Real-world data
CEA121,Author 121,2024,,,Intervention 121,Standard care,Type 2 diabetes,Canada,GBP,Healthcare system,Lifetime,0.045,0.04,96615,69881,26734,7.81,6.28,1.53,17473,100000,Yes,0.6,No,344,1956,Infectious disease,Decision tree,Clinical trial + registry
CEA122,Author 122,2022,,,Intervention 122,Best supportive care,COPD,France,USD,Societal,Lifetime,0.049,0.04,216365,29499,186866,7.6,3.59,4.01,46600,50000,Yes,0.81,Yes,120,1661,Pulmonology,Decision tree,Real-world data
CEA123,Author 123,2020,,,Intervention 123,Alternative treatment,Heart failure,Germany,EUR,NHS,Lifetime,0.039,0.049,81043,48489,32554,5.8,4.52,1.28,25432,30000,Yes,0.9,Yes,387,1089,Dermatology,Decision tree,Real-world data
CEA124,Author 124,2024,,,Intervention 124,Alternative treatment,Advanced cancer,Netherlands,GBP,NHS,20,0.037,0.041,41058,106123,-65065,8.27,2.54,5.73,-11355,30000,Yes,0.76,No,417,1694,Cardiology,Markov,Clinical trial + registry
CEA125,Author 125,2023,,,Intervention 125,Alternative treatment,Advanced cancer,Netherlands,USD,Healthcare system,10,0.034,0.04,55220,43567,11653,4.25,3.03,1.22,9551,150000,Yes,0.58,No,176,1636,Dermatology,Discrete event simulation,Registry
CEA126,Author 126,2021,,,Intervention 126,Standard care,Asthma,Netherlands,EUR,Societal,5,0.034,0.036,48239,15348,32891,5.79,2.53,3.26,10089,30000,Yes,0.58,Yes,292,589,Endocrinology,Markov,Real-world data
CEA127,Author 127,2019,,,Intervention 127,Standard care,Depression,Netherlands,GBP,Healthcare payer,10,0.043,0.05,160748,36436,124312,7.7,3.03,4.67,26619,100000,Yes,0.65,Yes,46,342,Infectious disease,Markov,Clinical trial + registry
CEA128,Author 128,2021,,,Intervention 128,Standard care,Asthma,France,CAD,NHS,15,0.034,0.047,48370,117911,-69541,5.07,4.12,0.95,-73201,30000,Yes,0.66,No,321,196,Endocrinology,Markov,Clinical trial
CEA129,Author 129,2021,,,Intervention 129,Alternative treatment,Advanced cancer,UK,CAD,Healthcare payer,15,0.038,0.03,222966,97386,125580,7.35,5.83,1.52,82618,50000,No,0.17,Yes,64,772,Dermatology,Discrete event simulation,Registry
CEA130,Author 130,2024,,,Intervention 130,Best supportive care,COPD,USA,GBP,Societal,5,0.033,0.048,160979,69971,91008,5.61,6.18,-0.57,999999,30000,No,0.19,No,211,1340,Endocrinology,Decision tree,Clinical trial + registry
CEA131,Author 131,2019,,,Intervention 131,Standard care,Asthma,UK,CAD,Healthcare system,10,0.046,0.04,244763,26425,218338,6.1,4.26,1.84,118661,30000,No,0.29,No,277,1582,Rheumatology,Discrete event simulation,Clinical trial
CEA132,Author 132,2020,,,Intervention 132,Alternative treatment,Asthma,Canada,CAD,Healthcare payer,15,0.045,0.04,33954,99205,-65251,4.66,5.31,-0.65,999999,150000,No,0.44,Yes,83,1644,Pulmonology,Discrete event simulation,Real-world data
CEA133,Author 133,2020,,,Intervention 133,Standard care,Advanced cancer,Canada,USD,Healthcare payer,Lifetime,0.035,0.033,143987,104606,39381,3.99,4.34,-0.35,999999,30000,No,0.45,No,112,981,Dermatology,Partitioned survival,Clinical trial + registry
CEA134,Author 134,2022,,,Intervention 134,Best supportive care,COPD,Canada,AUD,Societal,Lifetime,0.042,0.041,215808,16353,199455,7.66,3.34,4.32,46170,100000,Yes,0.92,No,113,1832,Rheumatology,Partitioned survival,Real-world data
CEA135,Author 135,2021,,,Intervention 135,Alternative treatment,Type 2 diabetes,Canada,AUD,Healthcare payer,20,0.049,0.032,175263,31601,143662,4.95,5.01,-0.06,999999,50000,No,0.17,Yes,488,1326,Infectious disease,Markov,Clinical trial
CEA136,Author 136,2021,,,Intervention 136,Alternative treatment,COPD,USA,GBP,Healthcare payer,20,0.043,0.041,194161,97051,97110,3.7,3.24,0.46,211108,50000,No,0.36,No,86,138,Oncology,Discrete event simulation,Clinical trial + registry
CEA137,Author 137,2019,,,Intervention 137,Alternative treatment,Advanced cancer,Netherlands,USD,NHS,Lifetime,0.038,0.042,81842,34535,47307,5.54,3.17,2.37,19960,100000,Yes,0.62,Yes,476,406,Neurology,Decision tree,Registry
CEA138,Author 138,2019,,,Intervention 138,Best supportive care,Rheumatoid arthritis,Canada,USD,Healthcare system,10,0.04,0.046,171791,82898,88893,3.51,2.74,0.77,115445,150000,Yes,0.71,No,245,1029,Hematology,Markov,Real-world data
CEA139,Author 139,2024,,,Intervention 139,Standard care,Depression,Germany,GBP,Healthcare system,Lifetime,0.036,0.046,100182,57582,42600,2.83,6.01,-3.18,999999,150000,No,0.18,Yes,239,376,Endocrinology,Markov,Clinical trial + registry
CEA140,Author 140,2022,,,Intervention 140,Alternative treatment,Rheumatoid arthritis,USA,AUD,Healthcare system,15,0.031,0.034,91803,103643,-11840,5.32,2.34,2.98,-3973,50000,Yes,0.94,Yes,413,1365,Oncology,Discrete event simulation,Clinical trial + registry
CEA141,Author 141,2023,,,Intervention 141,Alternative treatment,Depression,France,GBP,Healthcare payer,Lifetime,0.039,0.036,151106,63254,87852,5.08,2.15,2.93,29983,150000,Yes,0.6,No,21,1313,Cardiology,Discrete event simulation,Clinical trial
CEA142,Author 142,2020,,,Intervention 142,Standard care,COPD,Germany,EUR,Healthcare payer,20,0.036,0.039,75781,111911,-36130,5.69,5.1,0.59,-61237,50000,Yes,0.85,Yes,242,1082,Oncology,Decision tree,Registry
CEA143,Author 143,2021,,,Intervention 143,Alternative treatment,Heart failure,UK,EUR,Healthcare payer,15,0.03,0.04,149113,105806,43307,4.08,5.11,-1.03,999999,30000,No,0.31,Yes,45,507,Dermatology,Partitioned survival,Real-world data
CEA144,Author 144,2018,,,Intervention 144,Standard care,Depression,France,GBP,Healthcare system,Lifetime,0.047,0.043,128601,27597,101004,5.25,5.49,-0.24,999999,30000,No,0.19,Yes,36,844,Hematology,Markov,Clinical trial + registry
CEA145,Author 145,2021,,,Intervention 145,Standard care,COPD,Germany,EUR,NHS,5,0.048,0.036,123449,15648,107801,3.87,5.26,-1.39,999999,150000,No,0.17,Yes,140,222,Dermatology,Markov,Real-world data
CEA146,Author 146,2021,,,Intervention 146,Standard care,Rheumatoid arthritis,USA,USD,Healthcare system,10,0.035,0.032,80138,97835,-17697,3.34,4.84,-1.5,999999,150000,No,0.44,Yes,96,747,Infectious disease,Decision tree,Real-world data
CEA147,Author 147,2022,,,Intervention 147,Best supportive care,COPD,France,EUR,NHS,20,0.045,0.046,57796,118312,-60516,5.55,3.94,1.61,-37587,150000,Yes,0.89,No,476,1394,Oncology,Partitioned survival,Registry
CEA148,Author 148,2020,,,Intervention 148,Best supportive care,Heart failure,USA,AUD,Societal,10,0.039,0.035,146400,23181,123219,4.14,2.65,1.49,82697,50000,No,0.43,Yes,44,880,Pulmonology,Partitioned survival,Registry
CEA149,Author 149,2022,,,Intervention 149,Best supportive care,Heart failure,UK,CAD,NHS,20,0.036,0.047,55864,62032,-6168,7.98,3.21,4.77,-1293,100000,Yes,0.81,Yes,184,1931,Cardiology,Partitioned survival,Real-world data
CEA150,Author 150,2019,,,Intervention 150,Standard care,Type 2 diabetes,Australia,GBP,Societal,15,0.033,0.033,210174,94741,115433,5.91,1.95,3.96,29149,100000,Yes,0.59,Yes,236,1720,Hematology,Markov,Clinical trial + registry
CEA151,Author 151,2023,,,Intervention 151,Best supportive care,Advanced cancer,UK,USD,Healthcare system,5,0.03,0.044,235739,119200,116539,5.09,3.18,1.91,61015,150000,Yes,0.67,No,398,1347,Cardiology,Markov,Clinical trial
CEA152,Author 152,2021,,,Intervention 152,Standard care,Rheumatoid arthritis,Netherlands,GBP,Healthcare system,20,0.048,0.044,74077,95932,-21855,5.65,6.44,-0.79,999999,150000,No,0.36,Yes,450,1325,Hematology,Discrete event simulation,Registry
CEA153,Author 153,2018,,,Intervention 153,Standard care,Depression,Australia,USD,Healthcare payer,20,0.043,0.047,57441,90861,-33420,8.06,2.28,5.78,-5782,150000,Yes,0.76,Yes,420,1517,Neurology,Markov,Real-world data
CEA154,Author 154,2022,,,Intervention 154,Alternative treatment,Depression,Canada,AUD,Healthcare system,15,0.043,0.039,234952,46793,188159,3.78,5.94,-2.16,999999,50000,No,0.31,Yes,190,655,Endocrinology,Partitioned survival,Clinical trial + registry
CEA155,Author 155,2022,,,Intervention 155,Best supportive care,Heart failure,Australia,AUD,Healthcare system,15,0.048,0.038,134415,20322,114093,5.4,6.33,-0.93,999999,150000,No,0.29,No,432,1076,Cardiology,Decision tree,Registry
CEA156,Author 156,2021,,,Intervention 156,Best supportive care,COPD,France,EUR,NHS,15,0.048,0.039,90376,34947,55429,2.92,3.78,-0.86,999999,50000,No,0.22,Yes,100,108,Gastroenterology,Decision tree,Clinical trial
CEA157,Author 157,2024,,,Intervention 157,Standard care,Asthma,Netherlands,AUD,Healthcare system,15,0.04,0.041,204085,47223,156862,4.47,2.46,2.01,78040,50000,No,0.35,No,352,1612,Rheumatology,Discrete event simulation,Real-world data
CEA158,Author 158,2023,,,Intervention 158,Alternative treatment,Advanced cancer,Australia,USD,Healthcare payer,10,0.048,0.035,221908,15768,206140,3.86,5.2,-1.34,999999,50000,No,0.24,Yes,359,835,Infectious disease,Discrete event simulation,Registry
CEA159,Author 159,2021,,,Intervention 159,Best supportive care,Advanced cancer,Australia,CAD,Healthcare system,15,0.034,0.049,199326,60514,138812,5.47,5.59,-0.12,999999,50000,No,0.25,Yes,407,860,Gastroenterology,Discrete event simulation,Clinical trial + registry
CEA160,Author 160,2019,,,Intervention 160,Standard care,Rheumatoid arthritis,UK,USD,Healthcare payer,10,0.041,0.031,131290,83853,47437,6.7,5.74,0.96,49413,30000,No,0.26,Yes,339,384,Rheumatology,Markov,Clinical trial + registry
CEA161,Author 161,2023,,,Intervention 161,Standard care,Depression,USA,AUD,Healthcare payer,20,0.034,0.041,151643,86494,65149,4.03,4.87,-0.84,999999,50000,No,0.27,Yes,438,1599,Infectious disease,Discrete event simulation,Clinical trial
CEA162,Author 162,2021,,,Intervention 162,Best supportive care,Type 2 diabetes,France,GBP,Healthcare system,10,0.045,0.033,47363,28076,19287,2.7,4.57,-1.87,999999,150000,No,0.42,Yes,228,1458,Neurology,Decision tree,Registry
CEA163,Author 163,2022,,,Intervention 163,Best supportive care,Rheumatoid arthritis,Canada,GBP,Healthcare payer,20,0.033,0.04,150840,72855,77985,5.02,5.66,-0.64,999999,50000,No,0.4,Yes,239,1071,Gastroenterology,Discrete event simulation,Clinical trial
CEA164,Author 164,2020,,,Intervention 164,Standard care,Asthma,France,EUR,Healthcare system,15,0.046,0.048,125854,111258,14596,4.77,2.75,2.02,7225,100000,Yes,0.9,Yes,460,724,Cardiology,Discrete event simulation,Clinical trial
CEA165,Author 165,2021,,,Intervention 165,Best supportive care,Asthma,UK,GBP,Healthcare payer,10,0.04,0.049,197527,93903,103624,2.63,2.3,0.33,314012,100000,No,0.27,No,62,1593,Hematology,Discrete event simulation,Real-world data
CEA166,Author 166,2021,,,Intervention 166,Alternative treatment,COPD,Australia,AUD,Healthcare system,10,0.05,0.039,190733,51619,139114,6.03,5.24,0.79,176093,100000,No,0.28,No,207,580,Dermatology,Markov,Clinical trial + registry
CEA167,Author 167,2018,,,Intervention 167,Alternative treatment,Rheumatoid arthritis,USA,CAD,Healthcare system,15,0.036,0.046,186869,25449,161420,4.04,4.51,-0.47,999999,100000,No,0.35,Yes,330,303,Endocrinology,Partitioned survival,Registry
CEA168,Author 168,2019,,,Intervention 168,Standard care,Heart failure,Germany,GBP,NHS,Lifetime,0.049,0.041,177433,23491,153942,6.3,6.13,0.17,905541,100000,No,0.34,Yes,138,1897,Hematology,Discrete event simulation,Clinical trial + registry
CEA169,Author 169,2024,,,Intervention 169,Standard care,Rheumatoid arthritis,Canada,CAD,Healthcare payer,Lifetime,0.046,0.041,113471,37697,75774,8.22,4.0,4.22,17955,100000,Yes,0.83,No,405,878,Cardiology,Markov,Registry
CEA170,Author 170,2024,,,Intervention 170,Best supportive care,Asthma,Canada,EUR,Healthcare system,20,0.031,0.031,128314,103648,24666,6.25,4.42,1.83,13478,150000,Yes,0.7,Yes,441,968,Pulmonology,Decision tree,Clinical trial
CEA171,Author 171,2022,,,Intervention 171,Standard care,Depression,Germany,GBP,Healthcare system,Lifetime,0.046,0.045,231104,29101,202003,6.54,1.99,4.55,44396,30000,No,0.33,No,330,1254,Infectious disease,Partitioned survival,Real-world data
CEA172,Author 172,2021,,,Intervention 172,Alternative treatment,COPD,USA,GBP,Societal,20,0.031,0.031,122152,106648,15504,3.61,5.99,-2.38,999999,30000,No,0.25,Yes,260,129,Dermatology,Decision tree,Clinical trial + registry
CEA173,Author 173,2022,,,Intervention 173,Best supportive care,Advanced cancer,Canada,GBP,NHS,20,0.032,0.031,148324,92097,56227,7.62,3.69,3.93,14307,30000,Yes,0.9,No,259,1823,Neurology,Markov,Clinical trial + registry
CEA174,Author 174,2018,,,Intervention 174,Alternative treatment,Type 2 diabetes,Germany,GBP,NHS,10,0.037,0.033,222289,117443,104846,5.17,2.45,2.72,38546,50000,Yes,0.74,Yes,258,1331,Gastroenterology,Discrete event simulation,Clinical trial + registry
CEA175,Author 175,2018,,,Intervention 175,Best supportive care,COPD,UK,AUD,NHS,Lifetime,0.036,0.048,147944,115595,32349,7.33,3.26,4.07,7948,30000,Yes,0.91,Yes,146,1767,Pulmonology,Partitioned survival,Registry
CEA176,Author 176,2020,,,Intervention 176,Alternative treatment,COPD,Netherlands,EUR,Societal,5,0.035,0.046,112124,103049,9075,6.14,5.48,0.66,13750,30000,Yes,0.66,No,193,1388,Infectious disease,Discrete event simulation,Clinical trial
CEA177,Author 177,2018,,,Intervention 177,Standard care,Rheumatoid arthritis,UK,AUD,Healthcare system,20,0.037,0.032,197443,18766,178677,6.58,2.42,4.16,42951,50000,Yes,0.9,Yes,226,1000,Gastroenterology,Discrete event simulation,Clinical trial + registry
CEA178,Author 178,2018,,,Intervention 178,Alternative treatment,Type 2 diabetes,USA,AUD,Healthcare system,5,0.041,0.044,174544,106420,68124,4.53,6.36,-1.83,999999,30000,No,0.26,Yes,413,50,Dermatology,Markov,Real-world data
CEA179,Author 179,2020,,,Intervention 179,Alternative treatment,Rheumatoid arthritis,Australia,GBP,NHS,10,0.048,0.035,147034,116238,30796,5.6,3.9,1.7,18115,100000,Yes,0.93,Yes,433,717,Neurology,Decision tree,Clinical trial
CEA180,Author 180,2024,,,Intervention 180,Best supportive care,Advanced cancer,USA,GBP,Societal,20,0.05,0.046,165249,29607,135642,4.39,5.15,-0.76,999999,100000,No,0.17,Yes,32,1699,Rheumatology,Partitioned survival,Real-world data
CEA181,Author 181,2023,,,Intervention 181,Best supportive care,Rheumatoid arthritis,Australia,AUD,NHS,5,0.047,0.048,49560,48338,1222,4.58,5.16,-0.58,999999,30000,No,0.17,Yes,86,286,Dermatology,Discrete event simulation,Clinical trial + registry
CEA182,Author 182,2022,,,Intervention 182,Standard care,Heart failure,France,AUD,NHS,15,0.041,0.048,172149,63403,108746,5.82,4.15,1.67,65117,50000,No,0.23,Yes,331,1495,Dermatology,Partitioned survival,Clinical trial + registry
CEA183,Author 183,2023,,,Intervention 183,Alternative treatment,Depression,Australia,EUR,NHS,15,0.039,0.034,188131,93755,94376,6.97,2.41,4.56,20696,150000,Yes,0.92,Yes,96,429,Infectious disease,Discrete event simulation,Real-world data
CEA184,Author 184,2021,,,Intervention 184,Alternative treatment,Rheumatoid arthritis,Canada,GBP,Healthcare payer,Lifetime,0.031,0.038,105620,93771,11849,3.81,4.35,-0.54,999999,150000,No,0.28,Yes,57,553,Cardiology,Decision tree,Registry
CEA185,Author 185,2024,,,Intervention 185,Standard care,COPD,UK,AUD,Healthcare payer,20,0.046,0.033,86723,16463,70260,8.29,5.35,2.94,23897,100000,Yes,0.62,Yes,126,1419,Cardiology,Markov,Registry
CEA186,Author 186,2020,,,Intervention 186,Standard care,Rheumatoid arthritis,Netherlands,USD,Healthcare payer,20,0.033,0.032,39211,56346,-17135,4.69,4.26,0.43,-39848,30000,Yes,0.57,No,313,796,Oncology,Decision tree,Registry
CEA187,Author 187,2024,,,Intervention 187,Standard care,Rheumatoid arthritis,USA,AUD,Healthcare system,15,0.036,0.045,118459,43275,75184,2.71,5.25,-2.54,999999,30000,No,0.37,Yes,154,285,Neurology,Decision tree,Registry
CEA188,Author 188,2019,,,Intervention 188,Best supportive care,Depression,Australia,AUD,NHS,5,0.034,0.033,129257,24884,104373,4.15,3.64,0.51,204652,50000,No,0.32,Yes,156,387,Cardiology,Markov,Clinical trial
CEA189,Author 189,2022,,,Intervention 189,Best supportive care,Rheumatoid arthritis,Canada,EUR,Societal,Lifetime,0.042,0.045,188924,72998,115926,3.98,4.8,-0.82,999999,30000,No,0.38,Yes,31,303,Infectious disease,Discrete event simulation,Clinical trial
CEA190,Author 190,2024,,,Intervention 190,Alternative treatment,COPD,France,GBP,Societal,10,0.047,0.036,158492,100056,58436,7.04,3.75,3.29,17761,50000,Yes,0.93,Yes,366,628,Infectious disease,Decision tree,Registry
CEA191,Author 191,2019,,,Intervention 191,Standard care,Heart failure,UK,EUR,NHS,10,0.032,0.031,65888,42596,23292,6.33,3.33,3.0,7764,50000,Yes,0.75,Yes,111,1114,Gastroenterology,Decision tree,Registry
CEA192,Author 192,2021,,,Intervention 192,Alternative treatment,COPD,UK,AUD,Healthcare system,15,0.048,0.036,92869,115860,-22991,6.83,4.24,2.59,-8876,30000,Yes,0.65,Yes,13,1757,Infectious disease,Decision tree,Registry
CEA193,Author 193,2018,,,Intervention 193,Alternative treatment,Heart failure,USA,USD,NHS,10,0.046,0.042,194558,102931,91627,5.99,5.93,0.06,1527116,50000,No,0.43,Yes,17,455,Gastroenterology,Decision tree,Registry
CEA194,Author 194,2021,,,Intervention 194,Alternative treatment,Depression,Canada,AUD,NHS,5,0.038,0.041,77620,32163,45457,2.72,3.13,-0.41,999999,50000,No,0.41,Yes,418,705,Gastroenterology,Markov,Clinical trial
CEA195,Author 195,2020,,,Intervention 195,Best supportive care,Rheumatoid arthritis,Netherlands,USD,Healthcare system,10,0.041,0.043,197674,32113,165561,5.12,3.52,1.6,103475,30000,No,0.21,No,249,1451,Dermatology,Partitioned survival,Registry
CEA196,Author 196,2022,,,Intervention 196,Best supportive care,Depression,Canada,EUR,Societal,20,0.036,0.031,229783,67932,161851,7.76,4.04,3.72,43508,150000,Yes,0.69,Yes,430,1282,Gastroenterology,Decision tree,Clinical trial + registry
CEA197,Author 197,2020,,,Intervention 197,Standard care,Depression,USA,GBP,Societal,Lifetime,0.037,0.038,158198,93139,65059,8.41,4.61,3.8,17120,30000,Yes,0.74,Yes,54,1354,Gastroenterology,Discrete event simulation,Real-world data
CEA198,Author 198,2023,,,Intervention 198,Best supportive care,Type 2 diabetes,USA,EUR,Healthcare payer,5,0.032,0.038,123885,98761,25124,3.8,3.53,0.27,93051,50000,No,0.4,Yes,143,1837,Infectious disease,Decision tree,Clinical trial
CEA199,Author 199,2019,,,Intervention 199,Standard care,Heart failure,Canada,USD,Healthcare system,10,0.04,0.041,41604,75309,-33705,6.51,5.56,0.95,-35478,30000,Yes,0.76,Yes,198,108,Rheumatology,Partitioned survival,Real-world data
CEA200,Author 200,2023,,,Intervention 200,Alternative treatment,Asthma,USA,USD,Societal,10,0.049,0.048,246269,81595,164674,7.37,5.9,1.47,112023,50000,No,0.19,Yes,106,1468,Gastroenterology,Markov,Registry
CEA201,Author 201,2022,,,Intervention 201,Alternative treatment,Depression,USA,CAD,Societal,15,0.04,0.037,119328,56494,62834,5.21,4.14,1.07,58723,100000,Yes,0.78,Yes,202,1767,Hematology,Markov,Clinical trial
CEA202,Author 202,2018,,,Intervention 202,Standard care,Type 2 diabetes,France,AUD,Societal,Lifetime,0.047,0.047,211543,40563,170980,6.03,3.8,2.23,76672,150000,Yes,0.81,Yes,152,1975,Neurology,Partitioned survival,Clinical trial + registry
CEA203,Author 203,2020,,,Intervention 203,Best supportive care,Heart failure,Netherlands,USD,Healthcare payer,10,0.046,0.04,110801,106250,4551,4.63,6.22,-1.59,999999,100000,No,0.43,Yes,422,814,Infectious disease,Partitioned survival,Registry
CEA204,Author 204,2023,,,Intervention 204,Standard care,Asthma,Canada,AUD,Healthcare payer,Lifetime,0.031,0.031,224826,15323,209503,7.67,6.06,1.61,130126,150000,Yes,0.91,Yes,475,1906,Gastroenterology,Partitioned survival,Clinical trial + registry
CEA205,Author 205,2021,,,Intervention 205,Standard care,COPD,France,CAD,NHS,5,0.03,0.03,203952,72019,131933,3.06,4.98,-1.92,999999,100000,No,0.27,No,253,1772,Oncology,Discrete event simulation,Clinical trial + registry
CEA206,Author 206,2024,,,Intervention 206,Alternative treatment,COPD,Germany,EUR,Healthcare payer,20,0.037,0.032,155833,78152,77681,7.85,2.36,5.49,14149,30000,Yes,0.67,Yes,250,704,Endocrinology,Discrete event simulation,Registry
CEA207,Author 207,2021,,,Intervention 207,Best supportive care,Heart failure,Germany,GBP,Healthcare system,Lifetime,0.05,0.035,41561,40902,659,5.87,2.3,3.57,184,30000,Yes,0.71,Yes,206,1902,Dermatology,Discrete event simulation,Registry
CEA208,Author 208,2018,,,Intervention 208,Best supportive care,Type 2 diabetes,USA,AUD,NHS,20,0.043,0.041,218805,54354,164451,7.0,3.65,3.35,49089,50000,Yes,0.85,No,466,391,Rheumatology,Decision tree,Real-world data
CEA209,Author 209,2020,,,Intervention 209,Alternative treatment,Depression,Germany,EUR,Healthcare system,10,0.032,0.035,170056,75819,94237,5.06,2.73,2.33,40445,50000,Yes,0.87,No,481,1179,Dermatology,Decision tree,Clinical trial
CEA210,Author 210,2023,,,Intervention 210,Best supportive care,Rheumatoid arthritis,Netherlands,USD,Healthcare payer,15,0.034,0.035,119469,85580,33889,5.06,3.45,1.61,21049,50000,Yes,0.61,Yes,456,1347,Endocrinology,Decision tree,Clinical trial + registry
CEA211,Author 211,2024,,,Intervention 211,Alternative treatment,Type 2 diabetes,UK,EUR,Healthcare payer,10,0.032,0.04,184193,93593,90600,3.57,4.46,-0.89,999999,150000,No,0.41,No,386,1218,Hematology,Markov,Clinical trial
CEA212,Author 212,2020,,,Intervention 212,Best supportive care,COPD,Canada,CAD,Healthcare payer,Lifetime,0.04,0.049,63082,93181,-30099,3.97,6.37,-2.4,999999,30000,No,0.27,Yes,290,770,Oncology,Markov,Real-world data
CEA213,Author 213,2023,,,Intervention 213,Standard care,Advanced cancer,Germany,AUD,Healthcare system,10,0.047,0.038,60554,87580,-27026,6.79,4.74,2.05,-13183,30000,Yes,0.89,No,246,1815,Oncology,Markov,Clinical trial
CEA214,Author 214,2022,,,Intervention 214,Best supportive care,Depression,Germany,AUD,Societal,5,0.032,0.046,47557,119514,-71957,4.27,2.08,2.19,-32857,50000,Yes,0.85,No,159,1761,Neurology,Discrete event simulation,Registry
CEA215,Author 215,2021,,,Intervention 215,Standard care,Asthma,Germany,GBP,Societal,Lifetime,0.036,0.036,91307,112146,-20839,2.72,5.04,-2.32,999999,30000,No,0.36,No,405,603,Hematology,Partitioned survival,Clinical trial
CEA216,Author 216,2024,,,Intervention 216,Alternative treatment,Depression,Germany,EUR,Societal,15,0.03,0.041,175503,63956,111547,2.54,2.48,0.06,1859116,100000,No,0.18,Yes,363,366,Rheumatology,Discrete event simulation,Clinical trial + registry
CEA217,Author 217,2022,,,Intervention 217,Best supportive care,Rheumatoid arthritis,Netherlands,AUD,NHS,Lifetime,0.032,0.035,195402,59971,135431,4.86,4.84,0.02,6771550,100000,No,0.2,No,382,1315,Pulmonology,Markov,Registry
CEA218,Author 218,2023,,,Intervention 218,Best supportive care,Advanced cancer,UK,USD,Healthcare payer,20,0.041,0.044,55068,41491,13577,6.22,5.91,0.31,43796,50000,Yes,0.69,No,187,1996,Endocrinology,Discrete event simulation,Clinical trial
CEA219,Author 219,2018,,,Intervention 219,Standard care,Heart failure,Australia,USD,NHS,5,0.046,0.049,75985,70230,5755,4.4,5.55,-1.15,999999,150000,No,0.24,Yes,323,966,Dermatology,Discrete event simulation,Registry
CEA220,Author 220,2023,,,Intervention 220,Standard care,Heart failure,France,EUR,Healthcare payer,10,0.032,0.046,182052,62089,119963,3.07,2.04,1.03,116468,30000,No,0.27,Yes,214,1497,Pulmonology,Decision tree,Clinical trial
CEA221,Author 221,2024,,,Intervention 221,Alternative treatment,Type 2 diabetes,Australia,CAD,Societal,20,0.045,0.031,177581,50194,127387,5.62,4.98,0.64,199042,50000,No,0.37,No,305,1534,Rheumatology,Partitioned survival,Clinical trial + registry
CEA222,Author 222,2021,,,Intervention 222,Standard care,Asthma,USA,AUD,Healthcare system,5,0.033,0.039,40544,111292,-70748,3.31,6.5,-3.19,999999,100000,No,0.45,Yes,357,731,Infectious disease,Partitioned survival,Clinical trial
CEA223,Author 223,2022,,,Intervention 223,Standard care,Rheumatoid arthritis,UK,GBP,NHS,15,0.034,0.031,105297,29756,75541,6.49,5.06,1.43,52825,100000,Yes,0.66,No,237,246,Cardiology,Partitioned survival,Clinical trial + registry
CEA224,Author 224,2024,,,Intervention 224,Standard care,Rheumatoid arthritis,UK,USD,Societal,10,0.042,0.033,249343,52251,197092,3.87,2.06,1.81,108890,100000,No,0.3,Yes,60,540,Rheumatology,Discrete event simulation,Registry
CEA225,Author 225,2022,,,Intervention 225,Standard care,Type 2 diabetes,Netherlands,USD,Healthcare payer,10,0.03,0.047,198853,50489,148364,6.15,1.96,4.19,35409,150000,Yes,0.81,Yes,208,1419,Endocrinology,Discrete event simulation,Clinical trial + registry
CEA226,Author 226,2023,,,Intervention 226,Alternative treatment,Heart failure,Germany,GBP,Societal,10,0.031,0.035,117149,82139,35010,3.08,4.35,-1.27,999999,30000,No,0.37,Yes,72,477,Endocrinology,Discrete event simulation,Clinical trial + registry
CEA227,Author 227,2023,,,Intervention 227,Standard care,Depression,Germany,EUR,Healthcare payer,10,0.039,0.047,137970,72560,65410,5.61,2.52,3.09,21168,100000,Yes,0.83,No,160,502,Infectious disease,Decision tree,Clinical trial + registry
CEA228,Author 228,2023,,,Intervention 228,Standard care,Heart failure,Australia,CAD,Healthcare payer,15,0.032,0.041,246697,22215,224482,2.51,2.57,-0.06,999999,50000,No,0.26,Yes,335,780,Infectious disease,Discrete event simulation,Clinical trial + registry
CEA229,Author 229,2019,,,Intervention 229,Alternative treatment,Depression,Australia,GBP,Healthcare system,10,0.048,0.042,43851,118445,-74594,8.24,5.42,2.82,-26451,50000,Yes,0.9,Yes,498,600,Pulmonology,Decision tree,Clinical trial + registry
CEA230,Author 230,2023,,,Intervention 230,Standard care,Advanced cancer,UK,USD,Healthcare system,20,0.038,0.038,111552,90623,20929,5.11,4.71,0.4,52322,50000,No,0.16,No,63,1399,Pulmonology,Discrete event simulation,Real-world data
CEA231,Author 231,2021,,,Intervention 231,Best supportive care,Type 2 diabetes,France,CAD,Societal,5,0.032,0.032,109128,104647,4481,3.23,5.84,-2.61,999999,50000,No,0.21,Yes,149,455,Hematology,Discrete event simulation,Real-world data
CEA232,Author 232,2018,,,Intervention 232,Best supportive care,Depression,Netherlands,CAD,Healthcare system,20,0.032,0.048,99073,32517,66556,8.32,4.1,4.22,15771,150000,Yes,0.71,No,371,1726,Infectious disease,Discrete event simulation,Clinical trial + registry
CEA233,Author 233,2024,,,Intervention 233,Alternative treatment,Type 2 diabetes,USA,EUR,Healthcare system,5,0.048,0.037,148040,26488,121552,6.67,5.06,1.61,75498,150000,Yes,0.77,No,36,1826,Gastroenterology,Partitioned survival,Real-world data
CEA234,Author 234,2024,,,Intervention 234,Alternative treatment,Heart failure,Canada,EUR,Societal,20,0.042,0.046,34366,38045,-3679,7.55,6.34,1.21,-3040,150000,Yes,0.65,Yes,452,621,Dermatology,Partitioned survival,Registry
CEA235,Author 235,2021,,,Intervention 235,Standard care,Depression,Canada,AUD,NHS,Lifetime,0.031,0.05,97559,94586,2973,8.24,4.84,3.4,874,150000,Yes,0.59,No,459,1169,Cardiology,Markov,Clinical trial
CEA236,Author 236,2018,,,Intervention 236,Standard care,Heart failure,Australia,USD,Healthcare payer,15,0.039,0.042,55793,45547,10246,3.91,3.7,0.21,48790,150000,Yes,0.63,No,72,1118,Dermatology,Decision tree,Clinical trial
CEA237,Author 237,2019,,,Intervention 237,Best supportive care,Type 2 diabetes,Canada,CAD,NHS,5,0.05,0.042,123609,93850,29759,3.93,6.38,-2.45,999999,150000,No,0.28,Yes,405,1415,Dermatology,Discrete event simulation,Clinical trial + registry
CEA238,Author 238,2023,,,Intervention 238,Best supportive care,Asthma,France,AUD,Healthcare payer,15,0.032,0.049,51482,50212,1270,2.58,2.12,0.46,2760,150000,Yes,0.94,Yes,82,225,Dermatology,Partitioned survival,Registry
CEA239,Author 239,2023,,,Intervention 239,Alternative treatment,Advanced cancer,UK,CAD,NHS,15,0.046,0.042,239443,25954,213489,8.15,4.75,3.4,62790,50000,No,0.32,No,87,544,Hematology,Discrete event simulation,Real-world data
CEA240,Author 240,2021,,,Intervention 240,Alternative treatment,Heart failure,Germany,EUR,NHS,10,0.032,0.04,196392,30196,166196,8.04,3.45,4.59,36208,100000,Yes,0.86,Yes,250,1286,Oncology,Decision tree,Real-world data
CEA241,Author 241,2018,,,Intervention 241,Standard care,Advanced cancer,Australia,GBP,Societal,Lifetime,0.041,0.032,135566,31301,104265,6.17,3.08,3.09,33742,30000,No,0.32,No,119,755,Gastroenterology,Decision tree,Registry
CEA242,Author 242,2020,,,Intervention 242,Alternative treatment,Rheumatoid arthritis,Germany,CAD,NHS,Lifetime,0.045,0.042,157529,105785,51744,5.99,4.39,1.6,32340,100000,Yes,0.69,Yes,417,1058,Dermatology,Discrete event simulation,Clinical trial
CEA243,Author 243,2019,,,Intervention 243,Best supportive care,Advanced cancer,Germany,GBP,NHS,20,0.048,0.046,189825,97460,92365,3.81,2.93,0.88,104960,150000,Yes,0.57,Yes,82,1725,Rheumatology,Discrete event simulation,Registry
CEA244,Author 244,2022,,,Intervention 244,Alternative treatment,Heart failure,Australia,AUD,Societal,15,0.04,0.039,116985,15092,101893,3.6,2.89,0.71,143511,30000,No,0.33,No,290,126,Rheumatology,Decision tree,Real-world data
CEA245,Author 245,2024,,,Intervention 245,Best supportive care,Type 2 diabetes,Netherlands,USD,Healthcare payer,5,0.048,0.046,230401,27887,202514,7.23,3.22,4.01,50502,150000,Yes,0.79,No,151,1064,Gastroenterology,Decision tree,Clinical trial + registry
CEA246,Author 246,2022,,,Intervention 246,Best supportive care,COPD,France,EUR,Healthcare payer,5,0.044,0.03,34343,44281,-9938,3.33,3.79,-0.46,999999,100000,No,0.22,Yes,26,1333,Pulmonology,Markov,Registry
CEA247,Author 247,2022,,,Intervention 247,Best supportive care,Type 2 diabetes,Germany,GBP,Healthcare system,5,0.047,0.04,176625,97817,78808,4.35,5.16,-0.81,999999,150000,No,0.39,No,64,966,Dermatology,Markov,Clinical trial
CEA248,Author 248,2023,,,Intervention 248,Standard care,Advanced cancer,Germany,EUR,NHS,Lifetime,0.044,0.034,112686,63712,48974,7.92,6.38,1.54,31801,50000,Yes,0.57,Yes,16,667,Neurology,Markov,Real-world data
CEA249,Author 249,2019,,,Intervention 249,Best supportive care,Heart failure,USA,EUR,Healthcare payer,20,0.032,0.04,129325,25424,103901,5.94,5.33,0.61,170329,100000,No,0.26,No,317,1761,Infectious disease,Markov,Registry
CEA250,Author 250,2024,,,Intervention 250,Best supportive care,Depression,UK,EUR,NHS,5,0.032,0.042,52280,115006,-62726,6.56,4.46,2.1,-29869,50000,Yes,0.86,Yes,325,1920,Infectious disease,Markov,Clinical trial + registry
CEA251,Author 251,2023,,,Intervention 251,Best supportive care,Advanced cancer,Germany,AUD,Healthcare payer,10,0.031,0.048,42561,62284,-19723,4.54,2.79,1.75,-11270,100000,Yes,0.62,Yes,209,63,Gastroenterology,Partitioned survival,Clinical trial
CEA252,Author 252,2020,,,Intervention 252,Alternative treatment,COPD,UK,CAD,Societal,20,0.039,0.042,184282,83116,101166,5.71,3.89,1.82,55585,50000,No,0.27,No,289,1424,Infectious disease,Partitioned survival,Clinical trial
CEA253,Author 253,2024,,,Intervention 253,Best supportive care,Rheumatoid arthritis,France,USD,NHS,15,0.036,0.044,114112,61027,53085,6.63,5.42,1.21,43871,100000,Yes,0.91,No,138,451,Cardiology,Decision tree,Real-world data
CEA254,Author 254,2020,,,Intervention 254,Alternative treatment,Advanced cancer,UK,CAD,Healthcare system,Lifetime,0.035,0.046,192851,72769,120082,5.27,3.79,1.48,81136,150000,Yes,0.79,Yes,384,1242,Oncology,Markov,Clinical trial
CEA255,Author 255,2018,,,Intervention 255,Alternative treatment,Rheumatoid arthritis,USA,EUR,Societal,15,0.038,0.042,112479,95031,17448,8.44,2.86,5.58,3126,50000,Yes,0.71,No,140,1167,Dermatology,Discrete event simulation,Clinical trial
CEA256,Author 256,2023,,,Intervention 256,Alternative treatment,Asthma,UK,USD,Societal,5,0.044,0.043,214450,104935,109515,3.35,3.92,-0.57,999999,150000,No,0.34,Yes,97,668,Oncology,Partitioned survival,Real-world data
CEA257,Author 257,2021,,,Intervention 257,Best supportive care,Asthma,UK,AUD,Healthcare payer,Lifetime,0.046,0.046,128031,48553,79478,4.97,4.52,0.45,176617,30000,No,0.27,Yes,115,1239,Cardiology,Markov,Clinical trial + registry
CEA258,Author 258,2018,,,Intervention 258,Standard care,Advanced cancer,Germany,GBP,Healthcare payer,20,0.047,0.037,59060,29435,29625,7.44,3.97,3.47,8537,100000,Yes,0.86,Yes,347,1154,Oncology,Decision tree,Real-world data
CEA259,Author 259,2021,,,Intervention 259,Alternative treatment,COPD,Netherlands,GBP,Societal,Lifetime,0.047,0.04,56001,56330,-329,8.34,2.44,5.9,-55,150000,Yes,0.88,Yes,225,434,Oncology,Decision tree,Clinical trial + registry
CEA260,Author 260,2020,,,Intervention 260,Best supportive care,COPD,USA,AUD,Societal,15,0.032,0.031,147109,86926,60183,5.94,3.24,2.7,22290,50000,Yes,0.95,No,413,463,Pulmonology,Decision tree,Clinical trial + registry
CEA261,Author 261,2021,,,Intervention 261,Standard care,Depression,UK,AUD,Healthcare system,5,0.045,0.045,97546,52430,45116,7.86,4.11,3.75,12030,30000,Yes,0.92,Yes,386,298,Endocrinology,Decision tree,Clinical trial + registry
CEA262,Author 262,2018,,,Intervention 262,Standard care,Depression,Germany,CAD,Societal,15,0.048,0.04,186193,69862,116331,5.57,5.65,-0.08,999999,50000,No,0.27,Yes,420,851,Pulmonology,Discrete event simulation,Clinical trial + registry
CEA263,Author 263,2022,,,Intervention 263,Standard care,Advanced cancer,France,CAD,Healthcare system,20,0.031,0.044,202840,66158,136682,6.68,4.72,1.96,69735,30000,No,0.43,Yes,200,1563,Cardiology,Markov,Clinical trial
CEA264,Author 264,2021,,,Intervention 264,Alternative treatment,Rheumatoid arthritis,USA,GBP,NHS,10,0.032,0.042,72361,82949,-10588,4.34,2.34,2.0,-5294,30000,Yes,0.94,Yes,474,1264,Hematology,Decision tree,Clinical trial + registry
CEA265,Author 265,2021,,,Intervention 265,Best supportive care,Asthma,Germany,AUD,Healthcare system,Lifetime,0.05,0.046,131075,91617,39458,4.05,6.03,-1.98,999999,50000,No,0.2,Yes,459,1211,Oncology,Decision tree,Real-world data
CEA266,Author 266,2022,,,Intervention 266,Best supportive care,Type 2 diabetes,Canada,EUR,Societal,5,0.032,0.034,221878,45409,176469,4.17,2.39,1.78,99139,30000,No,0.28,No,338,317,Dermatology,Decision tree,Clinical trial + registry
CEA267,Author 267,2023,,,Intervention 267,Best supportive care,Asthma,UK,CAD,Societal,Lifetime,0.047,0.048,149875,46125,103750,4.24,3.75,0.49,211734,50000,No,0.33,Yes,300,651,Oncology,Partitioned survival,Real-world data
CEA268,Author 268,2020,,,Intervention 268,Best supportive care,Depression,Australia,GBP,NHS,5,0.048,0.045,114463,53415,61048,6.2,2.33,3.87,15774,150000,Yes,0.61,No,203,216,Pulmonology,Partitioned survival,Clinical trial + registry
CEA269,Author 269,2022,,,Intervention 269,Standard care,Type 2 diabetes,UK,GBP,NHS,Lifetime,0.046,0.043,143120,34586,108534,8.27,3.56,4.71,23043,50000,Yes,0.66,No,468,1007,Hematology,Discrete event simulation,Real-world data
CEA270,Author 270,2021,,,Intervention 270,Standard care,Heart failure,Canada,GBP,Societal,15,0.035,0.038,247469,46335,201134,3.76,4.67,-0.91,999999,150000,No,0.24,Yes,227,607,Cardiology,Markov,Clinical trial + registry
CEA271,Author 271,2024,,,Intervention 271,Alternative treatment,Advanced cancer,Germany,GBP,Healthcare payer,5,0.048,0.045,185107,31209,153898,7.68,2.91,4.77,32263,150000,Yes,0.7,No,227,596,Rheumatology,Discrete event simulation,Clinical trial
CEA272,Author 272,2024,,,Intervention 272,Alternative treatment,Advanced cancer,Canada,USD,NHS,15,0.032,0.042,123220,114797,8423,6.4,3.8,2.6,3239,150000,Yes,0.63,Yes,455,1074,Dermatology,Decision tree,Clinical trial + registry
CEA273,Author 273,2021,,,Intervention 273,Best supportive care,Asthma,USA,GBP,Healthcare payer,20,0.04,0.033,126286,70585,55701,3.62,3.96,-0.34,999999,30000,No,0.28,No,431,1109,Hematology,Markov,Clinical trial + registry
CEA274,Author 274,2022,,,Intervention 274,Alternative treatment,Heart failure,Netherlands,EUR,Healthcare system,Lifetime,0.043,0.034,146325,98352,47973,7.13,3.2,3.93,12206,150000,Yes,0.59,Yes,474,585,Infectious disease,Decision tree,Registry
CEA275,Author 275,2019,,,Intervention 275,Standard care,Heart failure,Germany,EUR,Healthcare system,20,0.05,0.041,121475,15421,106054,3.35,4.62,-1.27,999999,30000,No,0.44,Yes,133,1994,Endocrinology,Partitioned survival,Clinical trial + registry
CEA276,Author 276,2019,,,Intervention 276,Best supportive care,Heart failure,Canada,CAD,Healthcare system,15,0.037,0.039,147804,66405,81399,3.59,5.31,-1.72,999999,150000,No,0.18,No,348,1796,Neurology,Markov,Clinical trial + registry
CEA277,Author 277,2021,,,Intervention 277,Alternative treatment,Heart failure,Canada,GBP,Societal,Lifetime,0.035,0.037,48410,49398,-988,3.98,4.51,-0.53,999999,50000,No,0.41,Yes,256,1454,Neurology,Markov,Real-world data
CEA278,Author 278,2021,,,Intervention 278,Best supportive care,Rheumatoid arthritis,Canada,EUR,Societal,Lifetime,0.04,0.037,51407,73289,-21882,3.77,2.69,1.08,-20261,150000,Yes,0.71,Yes,41,1076,Neurology,Partitioned survival,Clinical trial
CEA279,Author 279,2021,,,Intervention 279,Alternative treatment,Rheumatoid arthritis,UK,USD,Healthcare system,15,0.043,0.048,42782,118391,-75609,3.57,2.63,0.94,-80435,100000,Yes,0.67,Yes,35,171,Cardiology,Decision tree,Clinical trial + registry
CEA280,Author 280,2021,,,Intervention 280,Standard care,Advanced cancer,Canada,CAD,Healthcare system,10,0.032,0.039,162087,38761,123326,7.95,4.26,3.69,33421,30000,No,0.33,No,116,419,Gastroenterology,Decision tree,Registry
CEA281,Author 281,2019,,,Intervention 281,Standard care,Advanced cancer,Australia,AUD,Healthcare payer,15,0.032,0.046,74093,87258,-13165,5.72,3.02,2.7,-4875,150000,Yes,0.7,No,326,419,Dermatology,Partitioned survival,Clinical trial
CEA282,Author 282,2023,,,Intervention 282,Best supportive care,COPD,Germany,GBP,NHS,15,0.049,0.046,154556,57046,97510,6.95,2.23,4.72,20658,30000,Yes,0.81,No,195,1875,Pulmonology,Markov,Registry
CEA283,Author 283,2019,,,Intervention 283,Best supportive care,Asthma,USA,EUR,NHS,20,0.048,0.039,109425,47859,61566,5.12,6.23,-1.11,999999,50000,No,0.35,No,94,1957,Oncology,Markov,Real-world data
CEA284,Author 284,2022,,,Intervention 284,Best supportive care,Type 2 diabetes,UK,AUD,Healthcare payer,20,0.037,0.042,175663,23497,152166,6.66,3.09,3.57,42623,100000,Yes,0.62,No,139,995,Hematology,Partitioned survival,Clinical trial
CEA285,Author 285,2021,,,Intervention 285,Alternative treatment,Heart failure,Germany,USD,Healthcare payer,Lifetime,0.04,0.044,196683,21110,175573,3.88,5.39,-1.51,999999,150000,No,0.36,Yes,278,1005,Pulmonology,Markov,Clinical trial
CEA286,Author 286,2020,,,Intervention 286,Best supportive care,Type 2 diabetes,USA,USD,NHS,Lifetime,0.034,0.041,49907,116133,-66226,3.47,2.91,0.56,-118260,50000,Yes,0.84,Yes,153,1425,Oncology,Partitioned survival,Real-world data
CEA287,Author 287,2019,,,Intervention 287,Standard care,Heart failure,France,USD,Healthcare system,20,0.047,0.045,93929,53060,40869,3.1,2.76,0.34,120202,100000,No,0.31,Yes,182,202,Gastroenterology,Discrete event simulation,Real-world data
CEA288,Author 288,2018,,,Intervention 288,Standard care,Asthma,Canada,USD,Healthcare system,20,0.038,0.04,75760,55236,20524,5.62,4.81,0.81,25338,30000,Yes,0.85,Yes,485,104,Neurology,Markov,Clinical trial
CEA289,Author 289,2022,,,Intervention 289,Alternative treatment,Advanced cancer,Netherlands,CAD,Healthcare system,Lifetime,0.036,0.041,199422,47933,151489,3.87,4.8,-0.93,999999,150000,No,0.31,Yes,287,1072,Gastroenterology,Decision tree,Registry
CEA290,Author 290,2020,,,Intervention 290,Standard care,Advanced cancer,Germany,GBP,Societal,10,0.039,0.034,64137,92516,-28379,4.29,5.5,-1.21,999999,100000,No,0.33,Yes,226,1454,Rheumatology,Markov,Clinical trial + registry
CEA291,Author 291,2024,,,Intervention 291,Standard care,Heart failure,USA,CAD,Societal,15,0.041,0.03,109796,32440,77356,2.85,6.16,-3.31,999999,150000,No,0.27,No,268,1518,Pulmonology,Markov,Clinical trial + registry
CEA292,Author 292,2019,,,Intervention 292,Alternative treatment,Heart failure,France,CAD,NHS,10,0.03,0.044,132611,33612,98999,4.46,4.82,-0.36,999999,150000,No,0.17,No,254,65,Hematology,Partitioned survival,Clinical trial + registry
CEA293,Author 293,2022,,,Intervention 293,Alternative treatment,Rheumatoid arthritis,Netherlands,AUD,Healthcare payer,15,0.033,0.039,186572,32998,153574,6.76,5.39,1.37,112097,30000,No,0.38,No,217,112,Oncology,Discrete event simulation,Clinical trial
CEA294,Author 294,2018,,,Intervention 294,Alternative treatment,Asthma,USA,CAD,NHS,5,0.036,0.043,45987,40501,5486,2.71,3.98,-1.27,999999,150000,No,0.37,No,427,269,Neurology,Decision tree,Clinical trial
CEA295,Author 295,2024,,,Intervention 295,Standard care,Rheumatoid arthritis,Australia,AUD,Healthcare system,Lifetime,0.036,0.035,30704,55143,-24439,3.97,5.1,-1.13,999999,100000,No,0.23,Yes,238,924,Hematology,Partitioned survival,Registry
CEA296,Author 296,2021,,,Intervention 296,Alternative treatment,Advanced cancer,Germany,GBP,Healthcare payer,20,0.044,0.043,212892,70036,142856,7.63,6.05,1.58,90415,30000,No,0.42,No,81,1754,Pulmonology,Markov,Clinical trial
CEA297,Author 297,2021,,,Intervention 297,Alternative treatment,Depression,Canada,AUD,Societal,Lifetime,0.037,0.045,86615,102463,-15848,7.89,3.53,4.36,-3634,100000,Yes,0.6,No,343,1183,Hematology,Discrete event simulation,Real-world data
CEA298,Author 298,2021,,,Intervention 298,Standard care,Heart failure,Netherlands,GBP,Healthcare payer,Lifetime,0.038,0.049,121647,26702,94945,5.22,1.86,3.36,28257,30000,Yes,0.56,Yes,201,1987,Neurology,Markov,Real-world data
CEA299,Author 299,2023,,,Intervention 299,Best supportive care,Rheumatoid arthritis,UK,EUR,Healthcare system,5,0.049,0.033,97467,29186,68281,4.45,3.4,1.05,65029,30000,No,0.33,No,42,972,Gastroenterology,Markov,Real-world data
CEA300,Author 300,2020,,,Intervention 300,Alternative treatment,Depression,UK,AUD,Healthcare payer,20,0.038,0.045,55800,58225,-2425,7.08,5.58,1.5,-1616,30000,Yes,0.66,Yes,208,295,Dermatology,Markov,Registry
